<TICKER>,<PER>,Date,<TIME>,Price
GDAX.BTC-USD,D,01/01/17,000000,992.9500000
GDAX.BTC-USD,D,02/01/17,000000,1011.4500000
GDAX.BTC-USD,D,03/01/17,000000,1020.6700000
GDAX.BTC-USD,D,04/01/17,000000,1130.3000000
GDAX.BTC-USD,D,05/01/17,000000,1007.0000000
GDAX.BTC-USD,D,06/01/17,000000,895.7100000
GDAX.BTC-USD,D,07/01/17,000000,909.0000000
GDAX.BTC-USD,D,08/01/17,000000,923.3300000
GDAX.BTC-USD,D,09/01/17,000000,902.6600000
GDAX.BTC-USD,D,10/01/17,000000,907.0000000
GDAX.BTC-USD,D,11/01/17,000000,795.7700000
GDAX.BTC-USD,D,12/01/17,000000,812.2500000
GDAX.BTC-USD,D,13/01/17,000000,831.4200000
GDAX.BTC-USD,D,14/01/17,000000,828.0000000
GDAX.BTC-USD,D,15/01/17,000000,833.3100000
GDAX.BTC-USD,D,16/01/17,000000,834.4100000
GDAX.BTC-USD,D,17/01/17,000000,906.0000000
GDAX.BTC-USD,D,18/01/17,000000,887.9900000
GDAX.BTC-USD,D,19/01/17,000000,902.9200000
GDAX.BTC-USD,D,20/01/17,000000,894.3100000
GDAX.BTC-USD,D,21/01/17,000000,925.0600000
GDAX.BTC-USD,D,22/01/17,000000,931.2200000
GDAX.BTC-USD,D,23/01/17,000000,910.7000000
GDAX.BTC-USD,D,24/01/17,000000,887.0000000
GDAX.BTC-USD,D,25/01/17,000000,896.0000000
GDAX.BTC-USD,D,26/01/17,000000,917.0200000
GDAX.BTC-USD,D,27/01/17,000000,922.6300000
GDAX.BTC-USD,D,28/01/17,000000,924.9800000
GDAX.BTC-USD,D,29/01/17,000000,916.5400000
GDAX.BTC-USD,D,30/01/17,000000,923.2300000
GDAX.BTC-USD,D,31/01/17,000000,970.0100000
GDAX.BTC-USD,D,01/02/17,000000,992.7500000
GDAX.BTC-USD,D,02/02/17,000000,1008.3800000
GDAX.BTC-USD,D,03/02/17,000000,1018.0000000
GDAX.BTC-USD,D,04/02/17,000000,1035.5400000
GDAX.BTC-USD,D,05/02/17,000000,1016.3200000
GDAX.BTC-USD,D,06/02/17,000000,1022.5800000
GDAX.BTC-USD,D,07/02/17,000000,1053.9600000
GDAX.BTC-USD,D,08/02/17,000000,1056.7000000
GDAX.BTC-USD,D,09/02/17,000000,994.2400000
GDAX.BTC-USD,D,10/02/17,000000,1001.9900000
GDAX.BTC-USD,D,11/02/17,000000,1018.6500000
GDAX.BTC-USD,D,12/02/17,000000,1010.0000000
GDAX.BTC-USD,D,13/02/17,000000,1002.8200000
GDAX.BTC-USD,D,14/02/17,000000,1013.9200000
GDAX.BTC-USD,D,15/02/17,000000,1014.5300000
GDAX.BTC-USD,D,16/02/17,000000,1038.9400000
GDAX.BTC-USD,D,17/02/17,000000,1057.3000000
GDAX.BTC-USD,D,18/02/17,000000,1062.1500000
GDAX.BTC-USD,D,19/02/17,000000,1059.8800000
GDAX.BTC-USD,D,20/02/17,000000,1089.8200000
GDAX.BTC-USD,D,21/02/17,000000,1128.2900000
GDAX.BTC-USD,D,22/02/17,000000,1128.7100000
GDAX.BTC-USD,D,23/02/17,000000,1186.9000000
GDAX.BTC-USD,D,24/02/17,000000,1186.9100000
GDAX.BTC-USD,D,25/02/17,000000,1158.0000000
GDAX.BTC-USD,D,26/02/17,000000,1184.9100000
GDAX.BTC-USD,D,27/02/17,000000,1195.8100000
GDAX.BTC-USD,D,28/02/17,000000,1195.0800000
GDAX.BTC-USD,D,01/03/17,000000,1230.0000000
GDAX.BTC-USD,D,02/03/17,000000,1269.1700000
GDAX.BTC-USD,D,03/03/17,000000,1292.8600000
GDAX.BTC-USD,D,04/03/17,000000,1273.9700000
GDAX.BTC-USD,D,05/03/17,000000,1278.9800000
GDAX.BTC-USD,D,06/03/17,000000,1284.9900000
GDAX.BTC-USD,D,07/03/17,000000,1237.3600000
GDAX.BTC-USD,D,08/03/17,000000,1150.2200000
GDAX.BTC-USD,D,09/03/17,000000,1197.3000000
GDAX.BTC-USD,D,10/03/17,000000,1109.0100000
GDAX.BTC-USD,D,11/03/17,000000,1188.1100000
GDAX.BTC-USD,D,12/03/17,000000,1235.5800000
GDAX.BTC-USD,D,13/03/17,000000,1245.4900000
GDAX.BTC-USD,D,14/03/17,000000,1247.4200000
GDAX.BTC-USD,D,15/03/17,000000,1263.0000000
GDAX.BTC-USD,D,16/03/17,000000,1175.1100000
GDAX.BTC-USD,D,17/03/17,000000,1069.5700000
GDAX.BTC-USD,D,18/03/17,000000,970.0000000
GDAX.BTC-USD,D,19/03/17,000000,1019.4900000
GDAX.BTC-USD,D,20/03/17,000000,1044.9600000
GDAX.BTC-USD,D,21/03/17,000000,1114.4200000
GDAX.BTC-USD,D,22/03/17,000000,1034.5700000
GDAX.BTC-USD,D,23/03/17,000000,1025.1400000
GDAX.BTC-USD,D,24/03/17,000000,934.8700000
GDAX.BTC-USD,D,25/03/17,000000,963.7200000
GDAX.BTC-USD,D,26/03/17,000000,973.0800000
GDAX.BTC-USD,D,27/03/17,000000,1042.0800000
GDAX.BTC-USD,D,28/03/17,000000,1045.4000000
GDAX.BTC-USD,D,29/03/17,000000,1043.2700000
GDAX.BTC-USD,D,30/03/17,000000,1042.3400000
GDAX.BTC-USD,D,31/03/17,000000,1088.9900000
GDAX.BTC-USD,D,01/04/17,000000,1092.0000000
GDAX.BTC-USD,D,02/04/17,000000,1113.9900000
GDAX.BTC-USD,D,03/04/17,000000,1152.6000000
GDAX.BTC-USD,D,04/04/17,000000,1143.9900000
GDAX.BTC-USD,D,05/04/17,000000,1132.9900000
GDAX.BTC-USD,D,06/04/17,000000,1192.3000000
GDAX.BTC-USD,D,07/04/17,000000,1194.0000000
GDAX.BTC-USD,D,08/04/17,000000,1184.5000000
GDAX.BTC-USD,D,09/04/17,000000,1210.9700000
GDAX.BTC-USD,D,10/04/17,000000,1210.0000000
GDAX.BTC-USD,D,11/04/17,000000,1223.9900000
GDAX.BTC-USD,D,12/04/17,000000,1214.1700000
GDAX.BTC-USD,D,13/04/17,000000,1177.0500000
GDAX.BTC-USD,D,14/04/17,000000,1173.7400000
GDAX.BTC-USD,D,15/04/17,000000,1178.8500000
GDAX.BTC-USD,D,16/04/17,000000,1177.9900000
GDAX.BTC-USD,D,17/04/17,000000,1189.9100000
GDAX.BTC-USD,D,18/04/17,000000,1201.9400000
GDAX.BTC-USD,D,19/04/17,000000,1214.2100000
GDAX.BTC-USD,D,20/04/17,000000,1236.1500000
GDAX.BTC-USD,D,21/04/17,000000,1249.9900000
GDAX.BTC-USD,D,22/04/17,000000,1247.0000000
GDAX.BTC-USD,D,23/04/17,000000,1251.9800000
GDAX.BTC-USD,D,24/04/17,000000,1257.2900000
GDAX.BTC-USD,D,25/04/17,000000,1281.1600000
GDAX.BTC-USD,D,26/04/17,000000,1298.4400000
GDAX.BTC-USD,D,27/04/17,000000,1349.2600000
GDAX.BTC-USD,D,28/04/17,000000,1353.3400000
GDAX.BTC-USD,D,29/04/17,000000,1365.4300000
GDAX.BTC-USD,D,30/04/17,000000,1384.5500000
GDAX.BTC-USD,D,01/05/17,000000,1436.5000000
GDAX.BTC-USD,D,02/05/17,000000,1471.9900000
GDAX.BTC-USD,D,03/05/17,000000,1533.0000000
GDAX.BTC-USD,D,04/05/17,000000,1563.3900000
GDAX.BTC-USD,D,05/05/17,000000,1551.3000000
GDAX.BTC-USD,D,06/05/17,000000,1585.3900000
GDAX.BTC-USD,D,07/05/17,000000,1609.5700000
GDAX.BTC-USD,D,08/05/17,000000,1713.0000000
GDAX.BTC-USD,D,09/05/17,000000,1720.4300000
GDAX.BTC-USD,D,10/05/17,000000,1794.9900000
GDAX.BTC-USD,D,11/05/17,000000,1837.9300000
GDAX.BTC-USD,D,12/05/17,000000,1695.6100000
GDAX.BTC-USD,D,13/05/17,000000,1792.7300000
GDAX.BTC-USD,D,14/05/17,000000,1799.9900000
GDAX.BTC-USD,D,15/05/17,000000,1747.8100000
GDAX.BTC-USD,D,16/05/17,000000,1777.4800000
GDAX.BTC-USD,D,17/05/17,000000,1813.2300000
GDAX.BTC-USD,D,18/05/17,000000,1899.1600000
GDAX.BTC-USD,D,19/05/17,000000,1976.2300000
GDAX.BTC-USD,D,20/05/17,000000,2058.9100000
GDAX.BTC-USD,D,21/05/17,000000,2057.0000000
GDAX.BTC-USD,D,22/05/17,000000,2123.2900000
GDAX.BTC-USD,D,23/05/17,000000,2272.7500000
GDAX.BTC-USD,D,24/05/17,000000,2432.9700000
GDAX.BTC-USD,D,25/05/17,000000,2355.0000000
GDAX.BTC-USD,D,26/05/17,000000,2272.7000000
GDAX.BTC-USD,D,27/05/17,000000,2099.9900000
GDAX.BTC-USD,D,28/05/17,000000,2232.7800000
GDAX.BTC-USD,D,29/05/17,000000,2279.4800000
GDAX.BTC-USD,D,30/05/17,000000,2191.5800000
GDAX.BTC-USD,D,31/05/17,000000,2303.2900000
GDAX.BTC-USD,D,01/06/17,000000,2419.9900000
GDAX.BTC-USD,D,02/06/17,000000,2478.9900000
GDAX.BTC-USD,D,03/06/17,000000,2548.0500000
GDAX.BTC-USD,D,04/06/17,000000,2521.3600000
GDAX.BTC-USD,D,05/06/17,000000,2698.0000000
GDAX.BTC-USD,D,06/06/17,000000,2871.2900000
GDAX.BTC-USD,D,07/06/17,000000,2685.6400000
GDAX.BTC-USD,D,08/06/17,000000,2799.7300000
GDAX.BTC-USD,D,09/06/17,000000,2811.3900000
GDAX.BTC-USD,D,10/06/17,000000,2931.1500000
GDAX.BTC-USD,D,11/06/17,000000,2998.9800000
GDAX.BTC-USD,D,12/06/17,000000,2655.7100000
GDAX.BTC-USD,D,13/06/17,000000,2709.0100000
GDAX.BTC-USD,D,14/06/17,000000,2432.2100000
GDAX.BTC-USD,D,15/06/17,000000,2409.9800000
GDAX.BTC-USD,D,16/06/17,000000,2480.4300000
GDAX.BTC-USD,D,17/06/17,000000,2634.9400000
GDAX.BTC-USD,D,18/06/17,000000,2515.2500000
GDAX.BTC-USD,D,19/06/17,000000,2596.9800000
GDAX.BTC-USD,D,20/06/17,000000,2725.0800000
GDAX.BTC-USD,D,21/06/17,000000,2643.3500000
GDAX.BTC-USD,D,22/06/17,000000,2679.9900000
GDAX.BTC-USD,D,23/06/17,000000,2690.7600000
GDAX.BTC-USD,D,24/06/17,000000,2574.8400000
GDAX.BTC-USD,D,25/06/17,000000,2505.6100000
GDAX.BTC-USD,D,26/06/17,000000,2407.9100000
GDAX.BTC-USD,D,27/06/17,000000,2575.7500000
GDAX.BTC-USD,D,28/06/17,000000,2553.1200000
GDAX.BTC-USD,D,29/06/17,000000,2530.0000000
GDAX.BTC-USD,D,30/06/17,000000,2455.1900000
GDAX.BTC-USD,D,01/07/17,000000,2423.6300000
GDAX.BTC-USD,D,02/07/17,000000,2516.6600000
GDAX.BTC-USD,D,03/07/17,000000,2542.4100000
GDAX.BTC-USD,D,04/07/17,000000,2602.0000000
GDAX.BTC-USD,D,05/07/17,000000,2089.5100000
GDAX.BTC-USD,D,09/07/17,000000,2508.9900000
GDAX.BTC-USD,D,10/07/17,000000,2331.0500000
GDAX.BTC-USD,D,11/07/17,000000,2310.0100000
GDAX.BTC-USD,D,12/07/17,000000,2383.4200000
GDAX.BTC-USD,D,13/07/17,000000,2340.0000000
GDAX.BTC-USD,D,14/07/17,000000,2217.2400000
GDAX.BTC-USD,D,15/07/17,000000,1964.3100000
GDAX.BTC-USD,D,16/07/17,000000,1911.7800000
GDAX.BTC-USD,D,17/07/17,000000,2235.1900000
GDAX.BTC-USD,D,18/07/17,000000,2308.1500000
GDAX.BTC-USD,D,19/07/17,000000,2258.9900000
GDAX.BTC-USD,D,20/07/17,000000,2873.4800000
GDAX.BTC-USD,D,21/07/17,000000,2657.4500000
GDAX.BTC-USD,D,22/07/17,000000,2825.2700000
GDAX.BTC-USD,D,23/07/17,000000,2754.2800000
GDAX.BTC-USD,D,24/07/17,000000,2762.2600000
GDAX.BTC-USD,D,25/07/17,000000,2564.0000000
GDAX.BTC-USD,D,26/07/17,000000,2525.9900000
GDAX.BTC-USD,D,27/07/17,000000,2664.9900000
GDAX.BTC-USD,D,28/07/17,000000,2786.0700000
GDAX.BTC-USD,D,29/07/17,000000,2700.2100000
GDAX.BTC-USD,D,30/07/17,000000,2723.9900000
GDAX.BTC-USD,D,31/07/17,000000,2856.8800000
GDAX.BTC-USD,D,01/08/17,000000,2732.5900000
GDAX.BTC-USD,D,02/08/17,000000,2699.9000000
GDAX.BTC-USD,D,03/08/17,000000,2787.0200000
GDAX.BTC-USD,D,04/08/17,000000,2857.3400000
GDAX.BTC-USD,D,05/08/17,000000,3243.4900000
GDAX.BTC-USD,D,06/08/17,000000,3222.2200000
GDAX.BTC-USD,D,07/08/17,000000,3398.2300000
GDAX.BTC-USD,D,08/08/17,000000,3422.4300000
GDAX.BTC-USD,D,09/08/17,000000,3342.8000000
GDAX.BTC-USD,D,10/08/17,000000,3444.9800000
GDAX.BTC-USD,D,11/08/17,000000,3656.1500000
GDAX.BTC-USD,D,12/08/17,000000,3874.0000000
GDAX.BTC-USD,D,13/08/17,000000,4060.4700000
GDAX.BTC-USD,D,14/08/17,000000,4320.6000000
GDAX.BTC-USD,D,15/08/17,000000,4159.9300000
GDAX.BTC-USD,D,16/08/17,000000,4370.0100000
GDAX.BTC-USD,D,17/08/17,000000,4280.0100000
GDAX.BTC-USD,D,18/08/17,000000,4101.7200000
GDAX.BTC-USD,D,19/08/17,000000,4157.4100000
GDAX.BTC-USD,D,20/08/17,000000,4050.9900000
GDAX.BTC-USD,D,21/08/17,000000,4002.0000000
GDAX.BTC-USD,D,22/08/17,000000,4092.0000000
GDAX.BTC-USD,D,23/08/17,000000,4143.4900000
GDAX.BTC-USD,D,24/08/17,000000,4312.0300000
GDAX.BTC-USD,D,25/08/17,000000,4360.0000000
GDAX.BTC-USD,D,26/08/17,000000,4344.3200000
GDAX.BTC-USD,D,27/08/17,000000,4340.1100000
GDAX.BTC-USD,D,28/08/17,000000,4384.9900000
GDAX.BTC-USD,D,29/08/17,000000,4599.0000000
GDAX.BTC-USD,D,30/08/17,000000,4581.9800000
GDAX.BTC-USD,D,31/08/17,000000,4743.9400000
GDAX.BTC-USD,D,01/09/17,000000,4947.9900000
GDAX.BTC-USD,D,02/09/17,000000,4649.9900000
GDAX.BTC-USD,D,03/09/17,000000,4626.0500000
GDAX.BTC-USD,D,04/09/17,000000,4498.2500000
GDAX.BTC-USD,D,05/09/17,000000,4432.5100000
GDAX.BTC-USD,D,06/09/17,000000,4616.1800000
GDAX.BTC-USD,D,07/09/17,000000,4624.1800000
GDAX.BTC-USD,D,08/09/17,000000,4350.0000000
GDAX.BTC-USD,D,09/09/17,000000,4334.3600000
GDAX.BTC-USD,D,10/09/17,000000,4251.3600000
GDAX.BTC-USD,D,11/09/17,000000,4210.7200000
GDAX.BTC-USD,D,12/09/17,000000,4164.5200000
GDAX.BTC-USD,D,13/09/17,000000,3855.3200000
GDAX.BTC-USD,D,14/09/17,000000,3250.4000000
GDAX.BTC-USD,D,15/09/17,000000,3740.0200000
GDAX.BTC-USD,D,16/09/17,000000,3726.5100000
GDAX.BTC-USD,D,17/09/17,000000,3650.0100000
GDAX.BTC-USD,D,19/09/17,000000,3910.1100000
GDAX.BTC-USD,D,20/09/17,000000,3990.6700000
GDAX.BTC-USD,D,21/09/17,000000,3617.4700000
GDAX.BTC-USD,D,22/09/17,000000,3619.0100000
GDAX.BTC-USD,D,23/09/17,000000,3787.3300000
GDAX.BTC-USD,D,24/09/17,000000,3669.0100000
GDAX.BTC-USD,D,25/09/17,000000,3919.7800000
GDAX.BTC-USD,D,26/09/17,000000,3885.0900000
GDAX.BTC-USD,D,27/09/17,000000,4200.0000000
GDAX.BTC-USD,D,28/09/17,000000,4189.4200000
GDAX.BTC-USD,D,29/09/17,000000,4156.9900000
GDAX.BTC-USD,D,30/09/17,000000,4339.0000000
GDAX.BTC-USD,D,01/10/17,000000,4394.8100000
GDAX.BTC-USD,D,02/10/17,000000,4392.7100000
GDAX.BTC-USD,D,03/10/17,000000,4307.9900000
GDAX.BTC-USD,D,04/10/17,000000,4214.8400000
GDAX.BTC-USD,D,05/10/17,000000,4320.0400000
GDAX.BTC-USD,D,06/10/17,000000,4362.9900000
GDAX.BTC-USD,D,07/10/17,000000,4425.0000000
GDAX.BTC-USD,D,08/10/17,000000,4603.4900000
GDAX.BTC-USD,D,09/10/17,000000,4769.5500000
GDAX.BTC-USD,D,10/10/17,000000,4750.0000000
GDAX.BTC-USD,D,11/10/17,000000,4814.9900000
GDAX.BTC-USD,D,12/10/17,000000,5440.0000000
GDAX.BTC-USD,D,13/10/17,000000,5624.8000000
GDAX.BTC-USD,D,14/10/17,000000,5819.1300000
GDAX.BTC-USD,D,15/10/17,000000,5693.7000000
GDAX.BTC-USD,D,16/10/17,000000,5754.9000000
GDAX.BTC-USD,D,17/10/17,000000,5594.0000000
GDAX.BTC-USD,D,18/10/17,000000,5574.4400000
GDAX.BTC-USD,D,19/10/17,000000,5704.0100000
GDAX.BTC-USD,D,20/10/17,000000,5989.1000000
GDAX.BTC-USD,D,21/10/17,000000,6024.8600000
GDAX.BTC-USD,D,22/10/17,000000,6005.0500000
GDAX.BTC-USD,D,23/10/17,000000,5905.9900000
GDAX.BTC-USD,D,24/10/17,000000,5525.4300000
GDAX.BTC-USD,D,25/10/17,000000,5739.9700000
GDAX.BTC-USD,D,26/10/17,000000,5891.6100000
GDAX.BTC-USD,D,27/10/17,000000,5780.0000000
GDAX.BTC-USD,D,28/10/17,000000,5752.0100000
GDAX.BTC-USD,D,29/10/17,000000,6140.0100000
GDAX.BTC-USD,D,30/10/17,000000,6124.1600000
GDAX.BTC-USD,D,31/10/17,000000,6445.0100000
GDAX.BTC-USD,D,01/11/17,000000,6783.6900000
GDAX.BTC-USD,D,02/11/17,000000,7039.9800000
GDAX.BTC-USD,D,03/11/17,000000,7170.0100000
GDAX.BTC-USD,D,04/11/17,000000,7412.5500000
GDAX.BTC-USD,D,05/11/17,000000,7392.0000000
GDAX.BTC-USD,D,06/11/17,000000,6969.7600000
GDAX.BTC-USD,D,07/11/17,000000,7126.6300000
GDAX.BTC-USD,D,08/11/17,000000,7467.9600000
GDAX.BTC-USD,D,09/11/17,000000,7156.0000000
GDAX.BTC-USD,D,10/11/17,000000,6577.6200000
GDAX.BTC-USD,D,11/11/17,000000,6346.7000000
GDAX.BTC-USD,D,12/11/17,000000,5886.3500000
GDAX.BTC-USD,D,13/11/17,000000,6535.8700000
GDAX.BTC-USD,D,14/11/17,000000,6605.0000000
GDAX.BTC-USD,D,15/11/17,000000,7294.0000000
GDAX.BTC-USD,D,16/11/17,000000,7838.5300000
GDAX.BTC-USD,D,17/11/17,000000,7714.7100000
GDAX.BTC-USD,D,18/11/17,000000,7777.0100000
GDAX.BTC-USD,D,19/11/17,000000,8031.8200000
GDAX.BTC-USD,D,20/11/17,000000,8256.0100000
GDAX.BTC-USD,D,21/11/17,000000,8109.0000000
GDAX.BTC-USD,D,22/11/17,000000,8250.0000000
GDAX.BTC-USD,D,23/11/17,000000,8031.1600000
GDAX.BTC-USD,D,24/11/17,000000,8215.0100000
GDAX.BTC-USD,D,25/11/17,000000,8795.5000000
GDAX.BTC-USD,D,26/11/17,000000,9401.1100000
GDAX.BTC-USD,D,27/11/17,000000,9768.7100000
GDAX.BTC-USD,D,28/11/17,000000,9949.0000000
GDAX.BTC-USD,D,29/11/17,000000,9935.9800000
GDAX.BTC-USD,D,30/11/17,000000,9903.0000000
GDAX.BTC-USD,D,01/12/17,000000,10869.8400000
GDAX.BTC-USD,D,02/12/17,000000,10930.2400000
GDAX.BTC-USD,D,03/12/17,000000,11290.0000000
GDAX.BTC-USD,D,04/12/17,000000,11643.9800000
GDAX.BTC-USD,D,05/12/17,000000,11718.3500000
GDAX.BTC-USD,D,06/12/17,000000,14090.0000000
GDAX.BTC-USD,D,07/12/17,000000,17390.0100000
GDAX.BTC-USD,D,08/12/17,000000,16367.0300000
GDAX.BTC-USD,D,09/12/17,000000,15309.9800000
GDAX.BTC-USD,D,10/12/17,000000,15290.0100000
GDAX.BTC-USD,D,11/12/17,000000,16885.7600000
GDAX.BTC-USD,D,12/12/17,000000,17730.1200000
GDAX.BTC-USD,D,13/12/17,000000,16689.6100000
GDAX.BTC-USD,D,14/12/17,000000,16749.7800000
GDAX.BTC-USD,D,15/12/17,000000,17738.6700000
GDAX.BTC-USD,D,16/12/17,000000,19650.0100000
GDAX.BTC-USD,D,17/12/17,000000,19378.9900000
GDAX.BTC-USD,D,18/12/17,000000,19039.0100000
GDAX.BTC-USD,D,19/12/17,000000,17838.7300000
GDAX.BTC-USD,D,20/12/17,000000,16496.8900000
GDAX.BTC-USD,D,21/12/17,000000,15758.8000000
GDAX.BTC-USD,D,22/12/17,000000,14210.5700000
GDAX.BTC-USD,D,23/12/17,000000,15075.8900000
GDAX.BTC-USD,D,24/12/17,000000,14221.9400000
GDAX.BTC-USD,D,25/12/17,000000,14171.9800000
GDAX.BTC-USD,D,26/12/17,000000,15790.8800000
GDAX.BTC-USD,D,27/12/17,000000,15360.0000000
GDAX.BTC-USD,D,28/12/17,000000,14450.0100000
GDAX.BTC-USD,D,29/12/17,000000,14565.0500000
GDAX.BTC-USD,D,30/12/17,000000,12839.9900000
GDAX.BTC-USD,D,31/12/17,000000,13863.1300000
GDAX.BTC-USD,D,01/01/18,000000,13480.0100000
GDAX.BTC-USD,D,02/01/18,000000,14781.5100000
GDAX.BTC-USD,D,03/01/18,000000,15098.1400000
GDAX.BTC-USD,D,04/01/18,000000,15144.9900000
GDAX.BTC-USD,D,05/01/18,000000,16960.0100000
GDAX.BTC-USD,D,06/01/18,000000,17098.9900000
GDAX.BTC-USD,D,07/01/18,000000,16174.2200000
GDAX.BTC-USD,D,08/01/18,000000,14993.7400000
GDAX.BTC-USD,D,09/01/18,000000,14480.9900000
GDAX.BTC-USD,D,10/01/18,000000,14875.1800000
GDAX.BTC-USD,D,11/01/18,000000,13308.0600000
GDAX.BTC-USD,D,12/01/18,000000,13820.0000000
GDAX.BTC-USD,D,13/01/18,000000,14187.9500000
GDAX.BTC-USD,D,14/01/18,000000,13656.2300000
GDAX.BTC-USD,D,15/01/18,000000,13590.0000000
GDAX.BTC-USD,D,16/01/18,000000,11570.0100000
GDAX.BTC-USD,D,17/01/18,000000,11200.0100000
GDAX.BTC-USD,D,18/01/18,000000,11305.5300000
GDAX.BTC-USD,D,19/01/18,000000,11498.9900000
GDAX.BTC-USD,D,20/01/18,000000,12762.8000000
GDAX.BTC-USD,D,21/01/18,000000,11518.1700000
GDAX.BTC-USD,D,22/01/18,000000,10766.7000000
GDAX.BTC-USD,D,23/01/18,000000,10824.9400000
GDAX.BTC-USD,D,24/01/18,000000,11356.7900000
GDAX.BTC-USD,D,25/01/18,000000,11118.0000000
GDAX.BTC-USD,D,26/01/18,000000,11086.8900000
GDAX.BTC-USD,D,27/01/18,000000,11319.0000000
GDAX.BTC-USD,D,28/01/18,000000,11536.0000000
GDAX.BTC-USD,D,29/01/18,000000,11123.0100000
GDAX.BTC-USD,D,30/01/18,000000,9995.0000000
GDAX.BTC-USD,D,31/01/18,000000,10099.9900000
GDAX.BTC-USD,D,01/02/18,000000,9014.2300000
GDAX.BTC-USD,D,02/02/18,000000,8787.5200000
GDAX.BTC-USD,D,03/02/18,000000,9240.0000000
GDAX.BTC-USD,D,04/02/18,000000,8167.9100000
GDAX.BTC-USD,D,05/02/18,000000,6905.1900000
GDAX.BTC-USD,D,06/02/18,000000,7688.4600000
GDAX.BTC-USD,D,07/02/18,000000,7575.7500000
GDAX.BTC-USD,D,08/02/18,000000,8218.1000000
GDAX.BTC-USD,D,09/02/18,000000,8671.0100000
GDAX.BTC-USD,D,10/02/18,000000,8547.4900000
GDAX.BTC-USD,D,11/02/18,000000,8072.9900000
GDAX.BTC-USD,D,12/02/18,000000,8872.2800000
GDAX.BTC-USD,D,13/02/18,000000,8520.0100000
GDAX.BTC-USD,D,14/02/18,000000,9472.9800000
GDAX.BTC-USD,D,15/02/18,000000,10031.2300000
GDAX.BTC-USD,D,16/02/18,000000,10167.4900000
GDAX.BTC-USD,D,17/02/18,000000,11121.5000000
GDAX.BTC-USD,D,18/02/18,000000,10380.0400000
GDAX.BTC-USD,D,19/02/18,000000,11140.0000000
GDAX.BTC-USD,D,20/02/18,000000,11235.5700000
GDAX.BTC-USD,D,21/02/18,000000,10454.2700000
GDAX.BTC-USD,D,22/02/18,000000,9830.0000000
GDAX.BTC-USD,D,23/02/18,000000,10144.9900000
GDAX.BTC-USD,D,24/02/18,000000,9688.6200000
GDAX.BTC-USD,D,25/02/18,000000,9595.4200000
GDAX.BTC-USD,D,26/02/18,000000,10300.0000000
GDAX.BTC-USD,D,27/02/18,000000,10566.5700000
GDAX.BTC-USD,D,28/02/18,000000,10307.2700000
GDAX.BTC-USD,D,01/03/18,000000,10895.9200000
GDAX.BTC-USD,D,02/03/18,000000,11000.0000000
GDAX.BTC-USD,D,03/03/18,000000,11432.5000000
GDAX.BTC-USD,D,04/03/18,000000,11469.9000000
GDAX.BTC-USD,D,05/03/18,000000,11377.5400000
GDAX.BTC-USD,D,06/03/18,000000,10700.0000000
GDAX.BTC-USD,D,07/03/18,000000,9925.0000000
GDAX.BTC-USD,D,08/03/18,000000,9304.8900000
GDAX.BTC-USD,D,09/03/18,000000,9255.0000000
GDAX.BTC-USD,D,10/03/18,000000,8795.4400000
GDAX.BTC-USD,D,11/03/18,000000,9533.8800000
GDAX.BTC-USD,D,12/03/18,000000,9120.0000000
GDAX.BTC-USD,D,13/03/18,000000,9145.4100000
GDAX.BTC-USD,D,14/03/18,000000,8207.0200000
GDAX.BTC-USD,D,15/03/18,000000,8259.9900000
GDAX.BTC-USD,D,16/03/18,000000,8275.0000000
GDAX.BTC-USD,D,17/03/18,000000,7857.6000000
GDAX.BTC-USD,D,18/03/18,000000,8192.0000000
GDAX.BTC-USD,D,19/03/18,000000,8589.0000000
GDAX.BTC-USD,D,20/03/18,000000,8900.0000000
GDAX.BTC-USD,D,21/03/18,000000,8891.8100000
GDAX.BTC-USD,D,22/03/18,000000,8715.0900000
GDAX.BTC-USD,D,23/03/18,000000,8927.1000000
GDAX.BTC-USD,D,24/03/18,000000,8531.3400000
GDAX.BTC-USD,D,25/03/18,000000,8453.0000000
GDAX.BTC-USD,D,26/03/18,000000,8145.0000000
GDAX.BTC-USD,D,27/03/18,000000,7793.6100000
GDAX.BTC-USD,D,28/03/18,000000,7942.7200000
GDAX.BTC-USD,D,29/03/18,000000,7080.0000000
GDAX.BTC-USD,D,30/03/18,000000,6848.0100000
GDAX.BTC-USD,D,31/03/18,000000,6928.5000000
GDAX.BTC-USD,D,01/04/18,000000,6816.0100000
GDAX.BTC-USD,D,02/04/18,000000,7045.0100000
GDAX.BTC-USD,D,03/04/18,000000,7424.9000000
GDAX.BTC-USD,D,04/04/18,000000,6791.6800000
GDAX.BTC-USD,D,05/04/18,000000,6785.8500000
GDAX.BTC-USD,D,06/04/18,000000,6619.0100000
GDAX.BTC-USD,D,07/04/18,000000,6894.0100000
GDAX.BTC-USD,D,08/04/18,000000,7020.0100000
GDAX.BTC-USD,D,09/04/18,000000,6771.1300000
GDAX.BTC-USD,D,10/04/18,000000,6824.9900000
GDAX.BTC-USD,D,11/04/18,000000,6942.9900000
GDAX.BTC-USD,D,12/04/18,000000,7916.0000000
GDAX.BTC-USD,D,13/04/18,000000,7893.1900000
GDAX.BTC-USD,D,14/04/18,000000,8003.1100000
GDAX.BTC-USD,D,15/04/18,000000,8355.2500000
GDAX.BTC-USD,D,16/04/18,000000,8048.9300000
GDAX.BTC-USD,D,17/04/18,000000,7892.1000000
GDAX.BTC-USD,D,18/04/18,000000,8152.0500000
GDAX.BTC-USD,D,19/04/18,000000,8274.0000000
GDAX.BTC-USD,D,20/04/18,000000,8866.2700000
GDAX.BTC-USD,D,21/04/18,000000,8915.4200000
GDAX.BTC-USD,D,22/04/18,000000,8795.0100000
GDAX.BTC-USD,D,23/04/18,000000,8931.3000000
GDAX.BTC-USD,D,24/04/18,000000,9645.1000000
GDAX.BTC-USD,D,25/04/18,000000,8865.9800000
GDAX.BTC-USD,D,26/04/18,000000,9272.1100000
GDAX.BTC-USD,D,27/04/18,000000,8922.5500000
GDAX.BTC-USD,D,28/04/18,000000,9329.9900000
GDAX.BTC-USD,D,29/04/18,000000,9389.0100000
GDAX.BTC-USD,D,30/04/18,000000,9243.8300000
GDAX.BTC-USD,D,01/05/18,000000,9072.2900000
GDAX.BTC-USD,D,02/05/18,000000,9190.4800000
GDAX.BTC-USD,D,03/05/18,000000,9725.7400000
GDAX.BTC-USD,D,04/05/18,000000,9685.0000000
GDAX.BTC-USD,D,05/05/18,000000,9800.0000000
GDAX.BTC-USD,D,06/05/18,000000,9600.0000000
GDAX.BTC-USD,D,07/05/18,000000,9353.0000000
GDAX.BTC-USD,D,08/05/18,000000,9177.8200000
GDAX.BTC-USD,D,09/05/18,000000,9300.0800000
GDAX.BTC-USD,D,10/05/18,000000,9010.5100000
GDAX.BTC-USD,D,11/05/18,000000,8403.3300000
GDAX.BTC-USD,D,12/05/18,000000,8475.0000000
GDAX.BTC-USD,D,13/05/18,000000,8686.1000000
GDAX.BTC-USD,D,14/05/18,000000,8670.0000000
GDAX.BTC-USD,D,15/05/18,000000,8477.4600000
GDAX.BTC-USD,D,16/05/18,000000,8344.0000000
GDAX.BTC-USD,D,17/05/18,000000,8059.0000000
GDAX.BTC-USD,D,18/05/18,000000,8238.5100000
GDAX.BTC-USD,D,19/05/18,000000,8235.6000000
GDAX.BTC-USD,D,20/05/18,000000,8516.8600000
GDAX.BTC-USD,D,21/05/18,000000,8393.4400000
GDAX.BTC-USD,D,22/05/18,000000,7987.7000000
GDAX.BTC-USD,D,23/05/18,000000,7505.0000000
GDAX.BTC-USD,D,24/05/18,000000,7584.1500000
GDAX.BTC-USD,D,25/05/18,000000,7459.1100000
GDAX.BTC-USD,D,26/05/18,000000,7337.9500000
GDAX.BTC-USD,D,27/05/18,000000,7346.6400000
GDAX.BTC-USD,D,28/05/18,000000,7107.9400000
GDAX.BTC-USD,D,29/05/18,000000,7460.0000000
GDAX.BTC-USD,D,30/05/18,000000,7380.0100000
GDAX.BTC-USD,D,31/05/18,000000,7485.0000000
GDAX.BTC-USD,D,01/06/18,000000,7514.3200000
GDAX.BTC-USD,D,02/06/18,000000,7636.4200000
GDAX.BTC-USD,D,03/06/18,000000,7706.3700000
GDAX.BTC-USD,D,04/06/18,000000,7487.3700000
GDAX.BTC-USD,D,05/06/18,000000,7612.5100000
GDAX.BTC-USD,D,06/06/18,000000,7655.0000000
GDAX.BTC-USD,D,07/06/18,000000,7684.9300000
GDAX.BTC-USD,D,08/06/18,000000,7618.8000000
GDAX.BTC-USD,D,09/06/18,000000,7496.4000000
GDAX.BTC-USD,D,10/06/18,000000,6770.3100000
GDAX.BTC-USD,D,11/06/18,000000,6881.0000000
GDAX.BTC-USD,D,12/06/18,000000,6545.0000000
GDAX.BTC-USD,D,13/06/18,000000,6302.3100000
GDAX.BTC-USD,D,14/06/18,000000,6638.4900000
GDAX.BTC-USD,D,15/06/18,000000,6391.2200000
GDAX.BTC-USD,D,16/06/18,000000,6484.2900000
GDAX.BTC-USD,D,17/06/18,000000,6447.1600000
GDAX.BTC-USD,D,18/06/18,000000,6709.0200000
GDAX.BTC-USD,D,19/06/18,000000,6736.4100000
GDAX.BTC-USD,D,20/06/18,000000,6759.1800000
GDAX.BTC-USD,D,21/06/18,000000,6719.0100000
GDAX.BTC-USD,D,22/06/18,000000,6059.8200000
GDAX.BTC-USD,D,23/06/18,000000,6178.2900000
GDAX.BTC-USD,D,24/06/18,000000,6149.9900000
GDAX.BTC-USD,D,25/06/18,000000,6246.0100000
GDAX.BTC-USD,D,26/06/18,000000,6074.0000000
GDAX.BTC-USD,D,27/06/18,000000,6132.1700000
GDAX.BTC-USD,D,28/06/18,000000,5851.6600000
GDAX.BTC-USD,D,29/06/18,000000,6202.3600000
GDAX.BTC-USD,D,30/06/18,000000,6383.1900000
GDAX.BTC-USD,D,01/07/18,000000,6349.5000000
GDAX.BTC-USD,D,02/07/18,000000,6611.7900000
GDAX.BTC-USD,D,03/07/18,000000,6502.6200000
GDAX.BTC-USD,D,04/07/18,000000,6587.4700000
GDAX.BTC-USD,D,05/07/18,000000,6532.9500000
GDAX.BTC-USD,D,06/07/18,000000,6600.0000000
GDAX.BTC-USD,D,07/07/18,000000,6753.2800000
GDAX.BTC-USD,D,08/07/18,000000,6701.9700000
GDAX.BTC-USD,D,09/07/18,000000,6664.0100000
GDAX.BTC-USD,D,10/07/18,000000,6303.7000000
GDAX.BTC-USD,D,11/07/18,000000,6390.0400000
GDAX.BTC-USD,D,12/07/18,000000,6249.7500000
GDAX.BTC-USD,D,13/07/18,000000,6216.2900000
GDAX.BTC-USD,D,14/07/18,000000,6248.6500000
GDAX.BTC-USD,D,15/07/18,000000,6348.7300000
GDAX.BTC-USD,D,16/07/18,000000,6728.8100000
GDAX.BTC-USD,D,17/07/18,000000,7315.0100000
GDAX.BTC-USD,D,18/07/18,000000,7378.9900000
GDAX.BTC-USD,D,19/07/18,000000,7470.0100000
GDAX.BTC-USD,D,20/07/18,000000,7334.4600000
GDAX.BTC-USD,D,21/07/18,000000,7408.0000000
GDAX.BTC-USD,D,22/07/18,000000,7397.8000000
GDAX.BTC-USD,D,23/07/18,000000,7720.0900000
GDAX.BTC-USD,D,24/07/18,000000,8385.5000000
GDAX.BTC-USD,D,25/07/18,000000,8157.1500000
GDAX.BTC-USD,D,26/07/18,000000,7931.9900000
GDAX.BTC-USD,D,27/07/18,000000,8184.2100000
GDAX.BTC-USD,D,28/07/18,000000,8228.9000000
GDAX.BTC-USD,D,29/07/18,000000,8216.3400000
GDAX.BTC-USD,D,30/07/18,000000,8170.0100000
GDAX.BTC-USD,D,31/07/18,000000,7727.2700000
GDAX.BTC-USD,D,01/08/18,000000,7603.9900000
GDAX.BTC-USD,D,02/08/18,000000,7533.9200000
GDAX.BTC-USD,D,03/08/18,000000,7414.0800000
GDAX.BTC-USD,D,04/08/18,000000,7005.0000000
GDAX.BTC-USD,D,05/08/18,000000,7030.0100000
GDAX.BTC-USD,D,06/08/18,000000,6938.0000000
GDAX.BTC-USD,D,07/08/18,000000,6718.2200000
GDAX.BTC-USD,D,08/08/18,000000,6282.5000000
GDAX.BTC-USD,D,09/08/18,000000,6546.4500000
GDAX.BTC-USD,D,10/08/18,000000,6146.0100000
GDAX.BTC-USD,D,11/08/18,000000,6235.5600000
GDAX.BTC-USD,D,12/08/18,000000,6316.0100000
GDAX.BTC-USD,D,13/08/18,000000,6253.6700000
GDAX.BTC-USD,D,14/08/18,000000,6195.0100000
GDAX.BTC-USD,D,15/08/18,000000,6269.0100000
GDAX.BTC-USD,D,16/08/18,000000,6315.9000000
GDAX.BTC-USD,D,17/08/18,000000,6585.4900000
GDAX.BTC-USD,D,18/08/18,000000,6396.6400000
GDAX.BTC-USD,D,19/08/18,000000,6489.5300000
GDAX.BTC-USD,D,20/08/18,000000,6258.7400000
GDAX.BTC-USD,D,21/08/18,000000,6475.8900000
GDAX.BTC-USD,D,22/08/18,000000,6359.9900000
GDAX.BTC-USD,D,23/08/18,000000,6526.3600000
GDAX.BTC-USD,D,24/08/18,000000,6690.8800000
GDAX.BTC-USD,D,25/08/18,000000,6737.5200000
GDAX.BTC-USD,D,26/08/18,000000,6709.9800000
GDAX.BTC-USD,D,27/08/18,000000,6911.9000000
GDAX.BTC-USD,D,28/08/18,000000,7071.0100000
GDAX.BTC-USD,D,29/08/18,000000,7030.9000000
GDAX.BTC-USD,D,30/08/18,000000,6983.0000000
GDAX.BTC-USD,D,31/08/18,000000,7015.0100000
GDAX.BTC-USD,D,01/09/18,000000,7191.0800000
GDAX.BTC-USD,D,02/09/18,000000,7295.0000000
GDAX.BTC-USD,D,03/09/18,000000,7256.9800000
GDAX.BTC-USD,D,04/09/18,000000,7360.0000000
GDAX.BTC-USD,D,05/09/18,000000,6687.9600000
GDAX.BTC-USD,D,06/09/18,000000,6495.0000000
GDAX.BTC-USD,D,07/09/18,000000,6395.0100000
GDAX.BTC-USD,D,08/09/18,000000,6188.0000000
GDAX.BTC-USD,D,09/09/18,000000,6235.0100000
GDAX.BTC-USD,D,10/09/18,000000,6300.0000000
GDAX.BTC-USD,D,11/09/18,000000,6282.5300000
GDAX.BTC-USD,D,12/09/18,000000,6326.0000000
GDAX.BTC-USD,D,13/09/18,000000,6485.9900000
GDAX.BTC-USD,D,14/09/18,000000,6478.0400000
GDAX.BTC-USD,D,15/09/18,000000,6518.6800000
GDAX.BTC-USD,D,16/09/18,000000,6498.0000000
GDAX.BTC-USD,D,17/09/18,000000,6250.7000000
GDAX.BTC-USD,D,18/09/18,000000,6335.7000000
GDAX.BTC-USD,D,19/09/18,000000,6386.9400000
GDAX.BTC-USD,D,20/09/18,000000,6493.1100000
GDAX.BTC-USD,D,21/09/18,000000,6750.0000000
GDAX.BTC-USD,D,22/09/18,000000,6707.3300000
GDAX.BTC-USD,D,23/09/18,000000,6696.9900000
GDAX.BTC-USD,D,24/09/18,000000,6582.0900000
GDAX.BTC-USD,D,25/09/18,000000,6436.8900000
GDAX.BTC-USD,D,26/09/18,000000,6455.6600000
GDAX.BTC-USD,D,27/09/18,000000,6680.0100000
GDAX.BTC-USD,D,28/09/18,000000,6620.0100000
GDAX.BTC-USD,D,29/09/18,000000,6581.0000000
GDAX.BTC-USD,D,30/09/18,000000,6605.0000000
GDAX.BTC-USD,D,01/10/18,000000,6572.8300000
GDAX.BTC-USD,D,02/10/18,000000,6498.4600000
GDAX.BTC-USD,D,03/10/18,000000,6466.0300000
GDAX.BTC-USD,D,04/10/18,000000,6547.4500000
GDAX.BTC-USD,D,05/10/18,000000,6593.9400000
GDAX.BTC-USD,D,06/10/18,000000,6552.4300000
GDAX.BTC-USD,D,07/10/18,000000,6570.0000000
GDAX.BTC-USD,D,08/10/18,000000,6608.0700000
GDAX.BTC-USD,D,09/10/18,000000,6589.4800000
GDAX.BTC-USD,D,10/10/18,000000,6524.5600000
GDAX.BTC-USD,D,11/10/18,000000,6154.6900000
GDAX.BTC-USD,D,12/10/18,000000,6188.0100000
GDAX.BTC-USD,D,13/10/18,000000,6196.0000000
GDAX.BTC-USD,D,14/10/18,000000,6183.4900000
GDAX.BTC-USD,D,15/10/18,000000,6440.4200000
GDAX.BTC-USD,D,16/10/18,000000,6457.1100000
GDAX.BTC-USD,D,17/10/18,000000,6443.7000000
GDAX.BTC-USD,D,18/10/18,000000,6394.9600000
GDAX.BTC-USD,D,19/10/18,000000,6382.9900000
GDAX.BTC-USD,D,20/10/18,000000,6414.0000000
GDAX.BTC-USD,D,21/10/18,000000,6415.8800000
GDAX.BTC-USD,D,22/10/18,000000,6407.6500000
GDAX.BTC-USD,D,23/10/18,000000,6395.1400000
GDAX.BTC-USD,D,24/10/18,000000,6415.9800000
GDAX.BTC-USD,D,25/10/18,000000,6395.5800000
GDAX.BTC-USD,D,26/10/18,000000,6404.8700000
GDAX.BTC-USD,D,27/10/18,000000,6409.1200000
GDAX.BTC-USD,D,28/10/18,000000,6403.6200000
GDAX.BTC-USD,D,29/10/18,000000,6266.0000000
GDAX.BTC-USD,D,30/10/18,000000,6267.6300000
GDAX.BTC-USD,D,31/10/18,000000,6304.1800000
GDAX.BTC-USD,D,01/11/18,000000,6344.0000000
GDAX.BTC-USD,D,02/11/18,000000,6349.8000000
GDAX.BTC-USD,D,03/11/18,000000,6331.9600000
GDAX.BTC-USD,D,04/11/18,000000,6423.2800000
GDAX.BTC-USD,D,05/11/18,000000,6404.0000000
GDAX.BTC-USD,D,06/11/18,000000,6448.5000000
GDAX.BTC-USD,D,07/11/18,000000,6503.1200000
GDAX.BTC-USD,D,08/11/18,000000,6406.2400000
GDAX.BTC-USD,D,09/11/18,000000,6334.8900000
GDAX.BTC-USD,D,10/11/18,000000,6347.4200000
GDAX.BTC-USD,D,11/11/18,000000,6357.6000000
GDAX.BTC-USD,D,12/11/18,000000,6327.8700000
GDAX.BTC-USD,D,13/11/18,000000,6259.3400000
GDAX.BTC-USD,D,14/11/18,000000,5605.4600000
GDAX.BTC-USD,D,15/11/18,000000,5579.5200000
GDAX.BTC-USD,D,16/11/18,000000,5512.2400000
GDAX.BTC-USD,D,17/11/18,000000,5504.1700000
GDAX.BTC-USD,D,18/11/18,000000,5560.0000000
GDAX.BTC-USD,D,19/11/18,000000,4733.5000000
GDAX.BTC-USD,D,20/11/18,000000,4349.2300000
GDAX.BTC-USD,D,21/11/18,000000,4545.1100000
GDAX.BTC-USD,D,22/11/18,000000,4265.3600000
GDAX.BTC-USD,D,23/11/18,000000,4283.8000000
GDAX.BTC-USD,D,24/11/18,000000,3774.9900000
GDAX.BTC-USD,D,25/11/18,000000,3936.6900000
GDAX.BTC-USD,D,26/11/18,000000,3731.3200000
GDAX.BTC-USD,D,27/11/18,000000,3775.0000000
GDAX.BTC-USD,D,28/11/18,000000,4225.0300000
GDAX.BTC-USD,D,29/11/18,000000,4248.0000000
GDAX.BTC-USD,D,30/11/18,000000,3976.0000000
GDAX.BTC-USD,D,01/12/18,000000,4142.0100000
GDAX.BTC-USD,D,02/12/18,000000,4103.1900000
GDAX.BTC-USD,D,03/12/18,000000,3833.4700000
GDAX.BTC-USD,D,04/12/18,000000,3901.8400000
GDAX.BTC-USD,D,05/12/18,000000,3694.3900000
GDAX.BTC-USD,D,06/12/18,000000,3433.2600000
GDAX.BTC-USD,D,07/12/18,000000,3380.0100000
GDAX.BTC-USD,D,08/12/18,000000,3401.0000000
GDAX.BTC-USD,D,09/12/18,000000,3531.1800000
GDAX.BTC-USD,D,10/12/18,000000,3410.1500000
GDAX.BTC-USD,D,11/12/18,000000,3349.3600000
GDAX.BTC-USD,D,12/12/18,000000,3430.2400000
GDAX.BTC-USD,D,13/12/18,000000,3265.0000000
GDAX.BTC-USD,D,14/12/18,000000,3195.7100000
GDAX.BTC-USD,D,15/12/18,000000,3183.0000000
GDAX.BTC-USD,D,16/12/18,000000,3195.0000000
GDAX.BTC-USD,D,17/12/18,000000,3496.8200000
GDAX.BTC-USD,D,18/12/18,000000,3667.7700000
GDAX.BTC-USD,D,19/12/18,000000,3715.2100000
GDAX.BTC-USD,D,20/12/18,000000,4075.3400000
GDAX.BTC-USD,D,21/12/18,000000,3839.0600000
GDAX.BTC-USD,D,22/12/18,000000,3980.4600000
GDAX.BTC-USD,D,23/12/18,000000,3944.9300000
GDAX.BTC-USD,D,24/12/18,000000,4034.0000000
GDAX.BTC-USD,D,25/12/18,000000,3780.0000000
GDAX.BTC-USD,D,26/12/18,000000,3809.8800000
GDAX.BTC-USD,D,27/12/18,000000,3589.8900000
GDAX.BTC-USD,D,28/12/18,000000,3888.0600000
GDAX.BTC-USD,D,29/12/18,000000,3729.3100000
GDAX.BTC-USD,D,30/12/18,000000,3829.0000000
GDAX.BTC-USD,D,31/12/18,000000,3691.8600000
GDAX.BTC-USD,D,01/01/19,000000,3826.1000000
GDAX.BTC-USD,D,02/01/19,000000,3890.7900000
GDAX.BTC-USD,D,03/01/19,000000,3787.5700000
GDAX.BTC-USD,D,04/01/19,000000,3820.8200000
GDAX.BTC-USD,D,05/01/19,000000,3798.6200000
GDAX.BTC-USD,D,06/01/19,000000,4040.9900000
GDAX.BTC-USD,D,07/01/19,000000,4006.0100000
GDAX.BTC-USD,D,08/01/19,000000,3993.8600000
GDAX.BTC-USD,D,09/01/19,000000,4004.1200000
GDAX.BTC-USD,D,10/01/19,000000,3626.1200000
GDAX.BTC-USD,D,11/01/19,000000,3635.6900000
GDAX.BTC-USD,D,12/01/19,000000,3619.4100000
GDAX.BTC-USD,D,13/01/19,000000,3514.2400000
GDAX.BTC-USD,D,14/01/19,000000,3664.1900000
GDAX.BTC-USD,D,15/01/19,000000,3580.7600000
GDAX.BTC-USD,D,16/01/19,000000,3609.7100000
GDAX.BTC-USD,D,17/01/19,000000,3640.6500000
GDAX.BTC-USD,D,18/01/19,000000,3607.8500000
GDAX.BTC-USD,D,19/01/19,000000,3682.6500000
GDAX.BTC-USD,D,20/01/19,000000,3536.1900000
GDAX.BTC-USD,D,21/01/19,000000,3531.7600000
GDAX.BTC-USD,D,22/01/19,000000,3577.0300000
GDAX.BTC-USD,D,23/01/19,000000,3553.0100000
GDAX.BTC-USD,D,24/01/19,000000,3568.9700000
GDAX.BTC-USD,D,25/01/19,000000,3562.1700000
GDAX.BTC-USD,D,26/01/19,000000,3556.0700000
GDAX.BTC-USD,D,27/01/19,000000,3531.0200000
GDAX.BTC-USD,D,28/01/19,000000,3429.9500000
GDAX.BTC-USD,D,29/01/19,000000,3397.4200000
GDAX.BTC-USD,D,30/01/19,000000,3437.5500000
GDAX.BTC-USD,D,31/01/19,000000,3411.5000000
GDAX.BTC-USD,D,01/02/19,000000,3437.5000000
GDAX.BTC-USD,D,02/02/19,000000,3468.4300000
GDAX.BTC-USD,D,03/02/19,000000,3414.7800000
GDAX.BTC-USD,D,04/02/19,000000,3409.5700000
GDAX.BTC-USD,D,05/02/19,000000,3428.4000000
GDAX.BTC-USD,D,06/02/19,000000,3367.3600000
GDAX.BTC-USD,D,07/02/19,000000,3359.0000000
GDAX.BTC-USD,D,08/02/19,000000,3621.9900000
GDAX.BTC-USD,D,09/02/19,000000,3623.7300000
GDAX.BTC-USD,D,10/02/19,000000,3648.8400000
GDAX.BTC-USD,D,11/02/19,000000,3590.3600000
GDAX.BTC-USD,D,12/02/19,000000,3588.0600000
GDAX.BTC-USD,D,13/02/19,000000,3576.6800000
GDAX.BTC-USD,D,14/02/19,000000,3561.5000000
GDAX.BTC-USD,D,15/02/19,000000,3566.5900000
GDAX.BTC-USD,D,16/02/19,000000,3582.3700000
GDAX.BTC-USD,D,17/02/19,000000,3625.0800000
GDAX.BTC-USD,D,18/02/19,000000,3867.0000000
GDAX.BTC-USD,D,19/02/19,000000,3888.0100000
GDAX.BTC-USD,D,20/02/19,000000,3938.9900000
GDAX.BTC-USD,D,21/02/19,000000,3897.7100000
GDAX.BTC-USD,D,22/02/19,000000,3942.0200000
GDAX.BTC-USD,D,23/02/19,000000,4110.0000000
GDAX.BTC-USD,D,24/02/19,000000,3734.2200000
GDAX.BTC-USD,D,25/02/19,000000,3818.7900000
GDAX.BTC-USD,D,26/02/19,000000,3799.4800000
GDAX.BTC-USD,D,27/02/19,000000,3799.9100000
GDAX.BTC-USD,D,28/02/19,000000,3792.1400000
GDAX.BTC-USD,D,01/03/19,000000,3806.1700000
GDAX.BTC-USD,D,02/03/19,000000,3809.7000000
GDAX.BTC-USD,D,03/03/19,000000,3786.9300000
GDAX.BTC-USD,D,04/03/19,000000,3700.7200000
GDAX.BTC-USD,D,05/03/19,000000,3844.5900000
GDAX.BTC-USD,D,06/03/19,000000,3851.8900000
GDAX.BTC-USD,D,07/03/19,000000,3857.0500000
GDAX.BTC-USD,D,08/03/19,000000,3843.1200000
GDAX.BTC-USD,D,09/03/19,000000,3917.0000000
GDAX.BTC-USD,D,10/03/19,000000,3900.9200000
GDAX.BTC-USD,D,11/03/19,000000,3849.6800000
GDAX.BTC-USD,D,12/03/19,000000,3860.0000000
GDAX.BTC-USD,D,13/03/19,000000,3851.0200000
GDAX.BTC-USD,D,14/03/19,000000,3853.9500000
GDAX.BTC-USD,D,15/03/19,000000,3902.8000000
GDAX.BTC-USD,D,16/03/19,000000,3990.0000000
GDAX.BTC-USD,D,17/03/19,000000,3967.0100000
GDAX.BTC-USD,D,18/03/19,000000,3970.5000000
GDAX.BTC-USD,D,19/03/19,000000,4000.8500000
GDAX.BTC-USD,D,20/03/19,000000,4031.8500000
GDAX.BTC-USD,D,21/03/19,000000,3972.7600000
GDAX.BTC-USD,D,22/03/19,000000,3983.7800000
GDAX.BTC-USD,D,23/03/19,000000,3983.4300000
GDAX.BTC-USD,D,24/03/19,000000,3969.5200000
GDAX.BTC-USD,D,25/03/19,000000,3907.5300000
GDAX.BTC-USD,D,26/03/19,000000,3921.4500000
GDAX.BTC-USD,D,27/03/19,000000,4026.5300000
GDAX.BTC-USD,D,28/03/19,000000,4011.1700000
GDAX.BTC-USD,D,29/03/19,000000,4091.0100000
GDAX.BTC-USD,D,30/03/19,000000,4094.1400000
GDAX.BTC-USD,D,31/03/19,000000,4094.9900000
GDAX.BTC-USD,D,01/04/19,000000,4137.0000000
GDAX.BTC-USD,D,02/04/19,000000,4901.9300000
GDAX.BTC-USD,D,03/04/19,000000,4975.9700000
GDAX.BTC-USD,D,04/04/19,000000,4906.4900000
GDAX.BTC-USD,D,05/04/19,000000,5040.6600000
GDAX.BTC-USD,D,06/04/19,000000,5049.2200000
GDAX.BTC-USD,D,07/04/19,000000,5194.7900000
GDAX.BTC-USD,D,08/04/19,000000,5285.5400000
GDAX.BTC-USD,D,09/04/19,000000,5187.2100000
GDAX.BTC-USD,D,10/04/19,000000,5318.5800000
GDAX.BTC-USD,D,11/04/19,000000,5041.3000000
GDAX.BTC-USD,D,12/04/19,000000,5078.1900000
GDAX.BTC-USD,D,13/04/19,000000,5066.2200000
GDAX.BTC-USD,D,14/04/19,000000,5164.2700000
GDAX.BTC-USD,D,15/04/19,000000,5029.9900000
GDAX.BTC-USD,D,16/04/19,000000,5202.9000000
GDAX.BTC-USD,D,17/04/19,000000,5227.0000000
GDAX.BTC-USD,D,18/04/19,000000,5281.8100000
GDAX.BTC-USD,D,19/04/19,000000,5290.3600000
GDAX.BTC-USD,D,20/04/19,000000,5319.8900000
GDAX.BTC-USD,D,21/04/19,000000,5297.6400000
GDAX.BTC-USD,D,22/04/19,000000,5387.6000000
GDAX.BTC-USD,D,23/04/19,000000,5532.7500000
GDAX.BTC-USD,D,24/04/19,000000,5441.9000000
GDAX.BTC-USD,D,25/04/19,000000,5134.8100000
GDAX.BTC-USD,D,26/04/19,000000,5159.5100000
GDAX.BTC-USD,D,27/04/19,000000,5170.6000000
GDAX.BTC-USD,D,28/04/19,000000,5155.0000000
GDAX.BTC-USD,D,29/04/19,000000,5148.2500000
GDAX.BTC-USD,D,30/04/19,000000,5270.6900000
GDAX.BTC-USD,D,01/05/19,000000,5321.1500000
GDAX.BTC-USD,D,02/05/19,000000,5390.0100000
GDAX.BTC-USD,D,03/05/19,000000,5657.4000000
GDAX.BTC-USD,D,04/05/19,000000,5770.0100000
GDAX.BTC-USD,D,05/05/19,000000,5715.8600000
GDAX.BTC-USD,D,06/05/19,000000,5687.9000000
GDAX.BTC-USD,D,07/05/19,000000,5748.4500000
GDAX.BTC-USD,D,08/05/19,000000,5948.4100000
GDAX.BTC-USD,D,09/05/19,000000,6153.0900000
GDAX.BTC-USD,D,10/05/19,000000,6343.1400000
GDAX.BTC-USD,D,11/05/19,000000,7219.9500000
GDAX.BTC-USD,D,12/05/19,000000,6979.7600000
GDAX.BTC-USD,D,13/05/19,000000,7824.9300000
GDAX.BTC-USD,D,14/05/19,000000,7990.9200000
GDAX.BTC-USD,D,15/05/19,000000,8203.3200000
GDAX.BTC-USD,D,16/05/19,000000,7878.9600000
GDAX.BTC-USD,D,17/05/19,000000,7363.6900000
GDAX.BTC-USD,D,18/05/19,000000,7262.4000000
GDAX.BTC-USD,D,19/05/19,000000,8200.0000000
GDAX.BTC-USD,D,20/05/19,000000,7999.5400000
GDAX.BTC-USD,D,21/05/19,000000,7951.7000000
GDAX.BTC-USD,D,22/05/19,000000,7626.4800000
GDAX.BTC-USD,D,23/05/19,000000,7881.9800000
GDAX.BTC-USD,D,24/05/19,000000,8001.7000000
GDAX.BTC-USD,D,25/05/19,000000,8063.8100000
GDAX.BTC-USD,D,26/05/19,000000,8731.7200000
GDAX.BTC-USD,D,27/05/19,000000,8772.2900000
GDAX.BTC-USD,D,28/05/19,000000,8715.3600000
GDAX.BTC-USD,D,29/05/19,000000,8662.4400000
GDAX.BTC-USD,D,30/05/19,000000,8279.6900000
GDAX.BTC-USD,D,31/05/19,000000,8554.0600000
GDAX.BTC-USD,D,01/06/19,000000,8558.9500000
GDAX.BTC-USD,D,02/06/19,000000,8736.5500000
GDAX.BTC-USD,D,03/06/19,000000,8107.9600000
GDAX.BTC-USD,D,04/06/19,000000,7670.9600000
GDAX.BTC-USD,D,05/06/19,000000,7789.4800000
GDAX.BTC-USD,D,06/06/19,000000,7805.0000000
GDAX.BTC-USD,D,07/06/19,000000,7998.1300000
GDAX.BTC-USD,D,08/06/19,000000,7930.1400000
GDAX.BTC-USD,D,09/06/19,000000,7634.5800000
GDAX.BTC-USD,D,10/06/19,000000,8015.6900000
GDAX.BTC-USD,D,11/06/19,000000,7918.1700000
GDAX.BTC-USD,D,12/06/19,000000,8176.0200000
GDAX.BTC-USD,D,13/06/19,000000,8239.0400000
GDAX.BTC-USD,D,14/06/19,000000,8697.4600000
GDAX.BTC-USD,D,15/06/19,000000,8860.2300000
GDAX.BTC-USD,D,16/06/19,000000,8975.0000000
GDAX.BTC-USD,D,17/06/19,000000,9333.1400000
GDAX.BTC-USD,D,18/06/19,000000,9078.4800000
GDAX.BTC-USD,D,19/06/19,000000,9277.5400000
GDAX.BTC-USD,D,20/06/19,000000,9531.2100000
GDAX.BTC-USD,D,21/06/19,000000,10236.2000000
GDAX.BTC-USD,D,22/06/19,000000,10666.8600000
GDAX.BTC-USD,D,23/06/19,000000,10833.0200000
GDAX.BTC-USD,D,24/06/19,000000,11032.3200000
GDAX.BTC-USD,D,25/06/19,000000,11755.5300000
GDAX.BTC-USD,D,26/06/19,000000,12927.4400000
GDAX.BTC-USD,D,27/06/19,000000,11159.2900000
GDAX.BTC-USD,D,28/06/19,000000,12360.4500000
GDAX.BTC-USD,D,29/06/19,000000,11865.2900000
GDAX.BTC-USD,D,30/06/19,000000,10761.2600000
GDAX.BTC-USD,D,01/07/19,000000,10577.6300000
GDAX.BTC-USD,D,02/07/19,000000,10829.1800000
GDAX.BTC-USD,D,03/07/19,000000,11976.4200000
GDAX.BTC-USD,D,04/07/19,000000,11136.0000000
GDAX.BTC-USD,D,05/07/19,000000,11004.5100000
GDAX.BTC-USD,D,06/07/19,000000,11237.7700000
GDAX.BTC-USD,D,07/07/19,000000,11474.4200000
GDAX.BTC-USD,D,08/07/19,000000,12293.5300000
GDAX.BTC-USD,D,09/07/19,000000,12571.1100000
GDAX.BTC-USD,D,10/07/19,000000,12097.9600000
GDAX.BTC-USD,D,11/07/19,000000,11349.0000000
GDAX.BTC-USD,D,12/07/19,000000,11802.0000000
GDAX.BTC-USD,D,13/07/19,000000,11370.0800000
GDAX.BTC-USD,D,14/07/19,000000,10185.0300000
GDAX.BTC-USD,D,15/07/19,000000,10854.4700000
GDAX.BTC-USD,D,16/07/19,000000,9422.7200000
GDAX.BTC-USD,D,17/07/19,000000,9696.3100000
GDAX.BTC-USD,D,18/07/19,000000,10649.0700000
GDAX.BTC-USD,D,19/07/19,000000,10538.0600000
GDAX.BTC-USD,D,20/07/19,000000,10761.0300000
GDAX.BTC-USD,D,21/07/19,000000,10590.7000000
GDAX.BTC-USD,D,22/07/19,000000,10323.3900000
GDAX.BTC-USD,D,23/07/19,000000,9840.1200000
GDAX.BTC-USD,D,24/07/19,000000,9772.6000000
GDAX.BTC-USD,D,25/07/19,000000,9883.3300000
GDAX.BTC-USD,D,26/07/19,000000,9843.0000000
GDAX.BTC-USD,D,27/07/19,000000,9479.9800000
GDAX.BTC-USD,D,28/07/19,000000,9533.0000000
GDAX.BTC-USD,D,29/07/19,000000,9495.0100000
GDAX.BTC-USD,D,30/07/19,000000,9589.0100000
GDAX.BTC-USD,D,31/07/19,000000,10087.3000000
GDAX.BTC-USD,D,01/08/19,000000,10405.9400000
GDAX.BTC-USD,D,02/08/19,000000,10533.0100000
GDAX.BTC-USD,D,03/08/19,000000,10820.7600000
GDAX.BTC-USD,D,04/08/19,000000,10977.5100000
GDAX.BTC-USD,D,05/08/19,000000,11819.4900000
GDAX.BTC-USD,D,06/08/19,000000,11465.4900000
GDAX.BTC-USD,D,07/08/19,000000,11975.0300000
GDAX.BTC-USD,D,08/08/19,000000,11981.0000000
GDAX.BTC-USD,D,09/08/19,000000,11856.1000000
GDAX.BTC-USD,D,10/08/19,000000,11280.9500000
GDAX.BTC-USD,D,11/08/19,000000,11540.7600000
GDAX.BTC-USD,D,12/08/19,000000,11389.2800000
GDAX.BTC-USD,D,13/08/19,000000,10854.9200000
GDAX.BTC-USD,D,14/08/19,000000,10025.8600000
GDAX.BTC-USD,D,15/08/19,000000,10300.0100000
GDAX.BTC-USD,D,16/08/19,000000,10352.7800000
GDAX.BTC-USD,D,17/08/19,000000,10217.7900000
GDAX.BTC-USD,D,18/08/19,000000,10315.4800000
GDAX.BTC-USD,D,19/08/19,000000,10920.0000000
GDAX.BTC-USD,D,20/08/19,000000,10769.0900000
GDAX.BTC-USD,D,21/08/19,000000,10130.0000000
GDAX.BTC-USD,D,22/08/19,000000,10107.1500000
GDAX.BTC-USD,D,23/08/19,000000,10410.8500000
GDAX.BTC-USD,D,24/08/19,000000,10147.9600000
GDAX.BTC-USD,D,25/08/19,000000,10138.7200000
GDAX.BTC-USD,D,26/08/19,000000,10361.6500000
GDAX.BTC-USD,D,27/08/19,000000,10171.8500000
GDAX.BTC-USD,D,28/08/19,000000,9714.3100000
GDAX.BTC-USD,D,29/08/19,000000,9495.0000000
GDAX.BTC-USD,D,30/08/19,000000,9582.4200000
GDAX.BTC-USD,D,31/08/19,000000,9600.8600000
GDAX.BTC-USD,D,01/09/19,000000,9766.5200000
GDAX.BTC-USD,D,02/09/19,000000,10381.2600000
GDAX.BTC-USD,D,03/09/19,000000,10628.4800000
GDAX.BTC-USD,D,04/09/19,000000,10581.8400000
GDAX.BTC-USD,D,05/09/19,000000,10574.7300000
GDAX.BTC-USD,D,06/09/19,000000,10308.9200000
GDAX.BTC-USD,D,07/09/19,000000,10484.3700000
GDAX.BTC-USD,D,08/09/19,000000,10398.9700000
GDAX.BTC-USD,D,09/09/19,000000,10310.0000000
GDAX.BTC-USD,D,10/09/19,000000,10093.0100000
GDAX.BTC-USD,D,11/09/19,000000,10160.2000000
GDAX.BTC-USD,D,12/09/19,000000,10423.7200000
GDAX.BTC-USD,D,13/09/19,000000,10365.9300000
GDAX.BTC-USD,D,14/09/19,000000,10360.2500000
GDAX.BTC-USD,D,15/09/19,000000,10304.4600000
GDAX.BTC-USD,D,16/09/19,000000,10262.5400000
GDAX.BTC-USD,D,17/09/19,000000,10185.3900000
GDAX.BTC-USD,D,18/09/19,000000,10155.2600000
GDAX.BTC-USD,D,19/09/19,000000,10275.0100000
GDAX.BTC-USD,D,20/09/19,000000,10168.8500000
GDAX.BTC-USD,D,21/09/19,000000,9973.9900000
GDAX.BTC-USD,D,22/09/19,000000,10026.8000000
GDAX.BTC-USD,D,23/09/19,000000,9844.2800000
GDAX.BTC-USD,D,24/09/19,000000,8530.0100000
GDAX.BTC-USD,D,25/09/19,000000,8438.3500000
GDAX.BTC-USD,D,26/09/19,000000,8060.0000000
GDAX.BTC-USD,D,27/09/19,000000,8193.9900000
GDAX.BTC-USD,D,28/09/19,000000,8217.4700000
GDAX.BTC-USD,D,29/09/19,000000,8052.4000000
GDAX.BTC-USD,D,30/09/19,000000,8304.9600000
GDAX.BTC-USD,D,01/10/19,000000,8321.5200000
GDAX.BTC-USD,D,02/10/19,000000,8381.7200000
GDAX.BTC-USD,D,03/10/19,000000,8240.4100000
GDAX.BTC-USD,D,04/10/19,000000,8156.6700000
GDAX.BTC-USD,D,05/10/19,000000,8147.6300000
GDAX.BTC-USD,D,06/10/19,000000,7859.7900000
GDAX.BTC-USD,D,07/10/19,000000,8209.0000000
GDAX.BTC-USD,D,08/10/19,000000,8180.0000000
GDAX.BTC-USD,D,09/10/19,000000,8590.0000000
GDAX.BTC-USD,D,10/10/19,000000,8587.5000000
GDAX.BTC-USD,D,11/10/19,000000,8267.3300000
GDAX.BTC-USD,D,12/10/19,000000,8309.0300000
GDAX.BTC-USD,D,13/10/19,000000,8282.9700000
GDAX.BTC-USD,D,14/10/19,000000,8355.0000000
GDAX.BTC-USD,D,15/10/19,000000,8162.4400000
GDAX.BTC-USD,D,16/10/19,000000,7993.5400000
GDAX.BTC-USD,D,17/10/19,000000,8076.2000000
GDAX.BTC-USD,D,18/10/19,000000,7954.1600000
GDAX.BTC-USD,D,19/10/19,000000,7965.2800000
GDAX.BTC-USD,D,20/10/19,000000,8236.1200000
GDAX.BTC-USD,D,21/10/19,000000,8209.9200000
GDAX.BTC-USD,D,22/10/19,000000,8024.7200000
GDAX.BTC-USD,D,23/10/19,000000,7474.8500000
GDAX.BTC-USD,D,24/10/19,000000,7430.8700000
GDAX.BTC-USD,D,25/10/19,000000,8668.0000000
GDAX.BTC-USD,D,26/10/19,000000,9259.7800000
GDAX.BTC-USD,D,27/10/19,000000,9548.8400000
GDAX.BTC-USD,D,28/10/19,000000,9226.5000000
GDAX.BTC-USD,D,29/10/19,000000,9430.8000000
GDAX.BTC-USD,D,30/10/19,000000,9164.4400000
GDAX.BTC-USD,D,31/10/19,000000,9159.4800000
GDAX.BTC-USD,D,01/11/19,000000,9253.1200000
GDAX.BTC-USD,D,02/11/19,000000,9308.5200000
GDAX.BTC-USD,D,03/11/19,000000,9206.5200000
GDAX.BTC-USD,D,04/11/19,000000,9412.5300000
GDAX.BTC-USD,D,05/11/19,000000,9322.0900000
GDAX.BTC-USD,D,06/11/19,000000,9341.2700000
GDAX.BTC-USD,D,07/11/19,000000,9198.8400000
GDAX.BTC-USD,D,08/11/19,000000,8763.0100000
GDAX.BTC-USD,D,09/11/19,000000,8807.8900000
GDAX.BTC-USD,D,10/11/19,000000,9032.2300000
GDAX.BTC-USD,D,11/11/19,000000,8721.5400000
GDAX.BTC-USD,D,12/11/19,000000,8810.0000000
GDAX.BTC-USD,D,13/11/19,000000,8758.3400000
GDAX.BTC-USD,D,14/11/19,000000,8630.0000000
GDAX.BTC-USD,D,15/11/19,000000,8457.4800000
GDAX.BTC-USD,D,16/11/19,000000,8481.0000000
GDAX.BTC-USD,D,17/11/19,000000,8500.0100000
GDAX.BTC-USD,D,18/11/19,000000,8168.8400000
GDAX.BTC-USD,D,19/11/19,000000,8123.3600000
GDAX.BTC-USD,D,20/11/19,000000,8082.9600000
GDAX.BTC-USD,D,21/11/19,000000,7616.4600000
GDAX.BTC-USD,D,22/11/19,000000,7283.0300000
GDAX.BTC-USD,D,23/11/19,000000,7329.2900000
GDAX.BTC-USD,D,24/11/19,000000,6908.6400000
GDAX.BTC-USD,D,25/11/19,000000,7127.0100000
GDAX.BTC-USD,D,26/11/19,000000,7162.6700000
GDAX.BTC-USD,D,27/11/19,000000,7523.7200000
GDAX.BTC-USD,D,28/11/19,000000,7432.4100000
GDAX.BTC-USD,D,29/11/19,000000,7760.0000000
GDAX.BTC-USD,D,30/11/19,000000,7555.9200000
GDAX.BTC-USD,D,01/12/19,000000,7404.2700000
GDAX.BTC-USD,D,02/12/19,000000,7305.0100000
GDAX.BTC-USD,D,03/12/19,000000,7302.9400000
GDAX.BTC-USD,D,04/12/19,000000,7198.9900000
GDAX.BTC-USD,D,05/12/19,000000,7393.5400000
GDAX.BTC-USD,D,06/12/19,000000,7540.0800000
GDAX.BTC-USD,D,07/12/19,000000,7502.1900000
GDAX.BTC-USD,D,08/12/19,000000,7520.0000000
GDAX.BTC-USD,D,09/12/19,000000,7337.5100000
GDAX.BTC-USD,D,10/12/19,000000,7219.3700000
GDAX.BTC-USD,D,11/12/19,000000,7201.2300000
GDAX.BTC-USD,D,12/12/19,000000,7185.9100000
GDAX.BTC-USD,D,13/12/19,000000,7249.9000000
GDAX.BTC-USD,D,14/12/19,000000,7062.9100000
GDAX.BTC-USD,D,15/12/19,000000,7111.0000000
GDAX.BTC-USD,D,16/12/19,000000,6877.0300000
GDAX.BTC-USD,D,17/12/19,000000,6616.6200000
GDAX.BTC-USD,D,18/12/19,000000,7285.5300000
GDAX.BTC-USD,D,19/12/19,000000,7149.1200000
GDAX.BTC-USD,D,20/12/19,000000,7190.0000000
GDAX.BTC-USD,D,21/12/19,000000,7143.0100000
GDAX.BTC-USD,D,22/12/19,000000,7513.0600000
GDAX.BTC-USD,D,23/12/19,000000,7310.7900000
GDAX.BTC-USD,D,24/12/19,000000,7255.0100000
GDAX.BTC-USD,D,25/12/19,000000,7192.1200000
GDAX.BTC-USD,D,26/12/19,000000,7194.1300000
GDAX.BTC-USD,D,27/12/19,000000,7245.8300000
GDAX.BTC-USD,D,28/12/19,000000,7302.6700000
GDAX.BTC-USD,D,29/12/19,000000,7384.8900000
GDAX.BTC-USD,D,30/12/19,000000,7218.0000000
GDAX.BTC-USD,D,31/12/19,000000,7165.7200000
GDAX.BTC-USD,D,01/01/20,000000,7174.3300000
GDAX.BTC-USD,D,02/01/20,000000,6945.0200000
GDAX.BTC-USD,D,03/01/20,000000,7334.4500000
GDAX.BTC-USD,D,04/01/20,000000,7348.6300000
GDAX.BTC-USD,D,05/01/20,000000,7355.4000000
GDAX.BTC-USD,D,06/01/20,000000,7764.6300000
GDAX.BTC-USD,D,07/01/20,000000,8158.5200000
GDAX.BTC-USD,D,08/01/20,000000,8045.5100000
GDAX.BTC-USD,D,09/01/20,000000,7813.7800000
GDAX.BTC-USD,D,10/01/20,000000,8198.0900000
GDAX.BTC-USD,D,11/01/20,000000,8020.0000000
GDAX.BTC-USD,D,12/01/20,000000,8180.8100000
GDAX.BTC-USD,D,13/01/20,000000,8104.5000000
GDAX.BTC-USD,D,14/01/20,000000,8815.6900000
GDAX.BTC-USD,D,15/01/20,000000,8808.8100000
GDAX.BTC-USD,D,16/01/20,000000,8714.7600000
GDAX.BTC-USD,D,17/01/20,000000,8899.4200000
GDAX.BTC-USD,D,18/01/20,000000,8909.3200000
GDAX.BTC-USD,D,19/01/20,000000,8697.5300000
GDAX.BTC-USD,D,20/01/20,000000,8628.8900000
GDAX.BTC-USD,D,21/01/20,000000,8722.0300000
GDAX.BTC-USD,D,22/01/20,000000,8660.3800000
GDAX.BTC-USD,D,23/01/20,000000,8385.2200000
GDAX.BTC-USD,D,24/01/20,000000,8427.2600000
GDAX.BTC-USD,D,25/01/20,000000,8326.8100000
GDAX.BTC-USD,D,26/01/20,000000,8595.0000000
GDAX.BTC-USD,D,27/01/20,000000,8895.9600000
GDAX.BTC-USD,D,28/01/20,000000,9394.5000000
GDAX.BTC-USD,D,29/01/20,000000,9288.4400000
GDAX.BTC-USD,D,30/01/20,000000,9503.0800000
GDAX.BTC-USD,D,31/01/20,000000,9334.9800000
GDAX.BTC-USD,D,01/02/20,000000,9380.1800000
GDAX.BTC-USD,D,02/02/20,000000,9323.5000000
GDAX.BTC-USD,D,03/02/20,000000,9280.4900000
GDAX.BTC-USD,D,04/02/20,000000,9164.3300000
GDAX.BTC-USD,D,05/02/20,000000,9613.8200000
GDAX.BTC-USD,D,06/02/20,000000,9763.0100000
GDAX.BTC-USD,D,07/02/20,000000,9808.0500000
GDAX.BTC-USD,D,08/02/20,000000,9905.6400000
GDAX.BTC-USD,D,09/02/20,000000,10168.3500000
GDAX.BTC-USD,D,10/02/20,000000,9851.7800000
GDAX.BTC-USD,D,11/02/20,000000,10270.0100000
GDAX.BTC-USD,D,12/02/20,000000,10351.1300000
GDAX.BTC-USD,D,13/02/20,000000,10236.4900000
GDAX.BTC-USD,D,14/02/20,000000,10371.3300000
GDAX.BTC-USD,D,15/02/20,000000,9911.2200000
GDAX.BTC-USD,D,16/02/20,000000,9921.0000000
GDAX.BTC-USD,D,17/02/20,000000,9700.0000000
GDAX.BTC-USD,D,18/02/20,000000,10188.0400000
GDAX.BTC-USD,D,19/02/20,000000,9600.0800000
GDAX.BTC-USD,D,20/02/20,000000,9610.0500000
GDAX.BTC-USD,D,21/02/20,000000,9695.6600000
GDAX.BTC-USD,D,22/02/20,000000,9668.2300000
GDAX.BTC-USD,D,23/02/20,000000,9965.0100000
GDAX.BTC-USD,D,24/02/20,000000,9660.0000000
GDAX.BTC-USD,D,25/02/20,000000,9305.0000000
GDAX.BTC-USD,D,26/02/20,000000,8778.3000000
GDAX.BTC-USD,D,27/02/20,000000,8812.4900000
GDAX.BTC-USD,D,28/02/20,000000,8708.8900000
GDAX.BTC-USD,D,29/02/20,000000,8525.0700000
GDAX.BTC-USD,D,01/03/20,000000,8522.3100000
GDAX.BTC-USD,D,02/03/20,000000,8915.0000000
GDAX.BTC-USD,D,03/03/20,000000,8757.8400000
GDAX.BTC-USD,D,04/03/20,000000,8760.6600000
GDAX.BTC-USD,D,05/03/20,000000,9070.1700000
GDAX.BTC-USD,D,06/03/20,000000,9158.5100000
GDAX.BTC-USD,D,07/03/20,000000,8901.3700000
GDAX.BTC-USD,D,08/03/20,000000,8037.7600000
GDAX.BTC-USD,D,09/03/20,000000,7934.5200000
GDAX.BTC-USD,D,10/03/20,000000,7894.6800000
GDAX.BTC-USD,D,11/03/20,000000,7938.0500000
GDAX.BTC-USD,D,12/03/20,000000,4857.1000000
GDAX.BTC-USD,D,13/03/20,000000,5637.6000000
GDAX.BTC-USD,D,14/03/20,000000,5165.2500000
GDAX.BTC-USD,D,15/03/20,000000,5345.3500000
GDAX.BTC-USD,D,16/03/20,000000,5037.6100000
GDAX.BTC-USD,D,17/03/20,000000,5331.7100000
GDAX.BTC-USD,D,18/03/20,000000,5413.6400000
GDAX.BTC-USD,D,19/03/20,000000,6186.2600000
GDAX.BTC-USD,D,20/03/20,000000,6206.1000000
GDAX.BTC-USD,D,21/03/20,000000,6198.7800000
GDAX.BTC-USD,D,22/03/20,000000,5818.2500000
GDAX.BTC-USD,D,23/03/20,000000,6490.6300000
GDAX.BTC-USD,D,24/03/20,000000,6766.6400000
GDAX.BTC-USD,D,25/03/20,000000,6690.9600000
GDAX.BTC-USD,D,26/03/20,000000,6758.1800000
GDAX.BTC-USD,D,27/03/20,000000,6372.3600000
GDAX.BTC-USD,D,28/03/20,000000,6251.8200000
GDAX.BTC-USD,D,29/03/20,000000,5877.2100000
GDAX.BTC-USD,D,30/03/20,000000,6406.4000000
GDAX.BTC-USD,D,31/03/20,000000,6424.3500000
GDAX.BTC-USD,D,01/04/20,000000,6666.1100000
GDAX.BTC-USD,D,02/04/20,000000,6804.5200000
GDAX.BTC-USD,D,03/04/20,000000,6741.9900000
GDAX.BTC-USD,D,04/04/20,000000,6874.7700000
GDAX.BTC-USD,D,05/04/20,000000,6778.2500000
GDAX.BTC-USD,D,06/04/20,000000,7341.5600000
GDAX.BTC-USD,D,07/04/20,000000,7200.0100000
GDAX.BTC-USD,D,08/04/20,000000,7370.1100000
GDAX.BTC-USD,D,09/04/20,000000,7293.2400000
GDAX.BTC-USD,D,10/04/20,000000,6871.9100000
GDAX.BTC-USD,D,11/04/20,000000,6889.6500000
GDAX.BTC-USD,D,12/04/20,000000,6908.1300000
GDAX.BTC-USD,D,13/04/20,000000,6861.2100000
GDAX.BTC-USD,D,14/04/20,000000,6877.3700000
GDAX.BTC-USD,D,15/04/20,000000,6624.1200000
GDAX.BTC-USD,D,16/04/20,000000,7112.6400000
GDAX.BTC-USD,D,17/04/20,000000,7037.4600000
GDAX.BTC-USD,D,18/04/20,000000,7261.7600000
GDAX.BTC-USD,D,19/04/20,000000,7130.7100000
GDAX.BTC-USD,D,20/04/20,000000,6838.1900000
GDAX.BTC-USD,D,21/04/20,000000,6853.6800000
GDAX.BTC-USD,D,22/04/20,000000,7136.8400000
GDAX.BTC-USD,D,23/04/20,000000,7488.8300000
GDAX.BTC-USD,D,24/04/20,000000,7514.6400000
GDAX.BTC-USD,D,25/04/20,000000,7547.6100000
GDAX.BTC-USD,D,26/04/20,000000,7706.4000000
GDAX.BTC-USD,D,27/04/20,000000,7789.7700000
GDAX.BTC-USD,D,28/04/20,000000,7755.0100000
GDAX.BTC-USD,D,29/04/20,000000,8793.7500000
GDAX.BTC-USD,D,30/04/20,000000,8624.2800000
GDAX.BTC-USD,D,01/05/20,000000,8829.4200000
GDAX.BTC-USD,D,02/05/20,000000,8985.5800000
GDAX.BTC-USD,D,03/05/20,000000,8909.9500000
GDAX.BTC-USD,D,04/05/20,000000,8883.5300000
GDAX.BTC-USD,D,05/05/20,000000,9028.7900000
GDAX.BTC-USD,D,06/05/20,000000,9155.7900000
GDAX.BTC-USD,D,07/05/20,000000,10004.7700000
GDAX.BTC-USD,D,08/05/20,000000,9810.0000000
GDAX.BTC-USD,D,09/05/20,000000,9537.2100000
GDAX.BTC-USD,D,10/05/20,000000,8729.8600000
GDAX.BTC-USD,D,11/05/20,000000,8572.4000000
GDAX.BTC-USD,D,12/05/20,000000,8821.4200000
GDAX.BTC-USD,D,13/05/20,000000,9321.2600000
GDAX.BTC-USD,D,14/05/20,000000,9795.3400000
GDAX.BTC-USD,D,15/05/20,000000,9312.1000000
GDAX.BTC-USD,D,16/05/20,000000,9383.1600000
GDAX.BTC-USD,D,17/05/20,000000,9676.6300000
GDAX.BTC-USD,D,18/05/20,000000,9728.5200000
GDAX.BTC-USD,D,19/05/20,000000,9783.7600000
GDAX.BTC-USD,D,20/05/20,000000,9509.4100000
GDAX.BTC-USD,D,21/05/20,000000,9061.9600000
GDAX.BTC-USD,D,22/05/20,000000,9168.8400000
GDAX.BTC-USD,D,23/05/20,000000,9181.7600000
GDAX.BTC-USD,D,24/05/20,000000,8715.7300000
GDAX.BTC-USD,D,25/05/20,000000,8899.3100000
GDAX.BTC-USD,D,26/05/20,000000,8844.4200000
GDAX.BTC-USD,D,27/05/20,000000,9208.5300000
GDAX.BTC-USD,D,28/05/20,000000,9581.0950000
GDAX.BTC-USD,D,29/05/20,000000,9423.8400000
GDAX.BTC-USD,D,30/05/20,000000,9700.3300000
GDAX.BTC-USD,D,31/05/20,000000,9446.5700000
GDAX.BTC-USD,D,01/06/20,000000,10208.9600000
GDAX.BTC-USD,D,02/06/20,000000,9522.4600000
GDAX.BTC-USD,D,03/06/20,000000,9668.0700000
GDAX.BTC-USD,D,04/06/20,000000,9788.0300000
GDAX.BTC-USD,D,05/06/20,000000,9613.2100000
GDAX.BTC-USD,D,06/06/20,000000,9671.7000000
GDAX.BTC-USD,D,07/06/20,000000,9750.1200000
GDAX.BTC-USD,D,08/06/20,000000,9781.5100000
GDAX.BTC-USD,D,09/06/20,000000,9779.4100000
GDAX.BTC-USD,D,10/06/20,000000,9894.0400000
GDAX.BTC-USD,D,11/06/20,000000,9268.1600000
GDAX.BTC-USD,D,12/06/20,000000,9464.1700000
GDAX.BTC-USD,D,13/06/20,000000,9475.0000000
GDAX.BTC-USD,D,14/06/20,000000,9325.0000000
GDAX.BTC-USD,D,15/06/20,000000,9432.5300000
GDAX.BTC-USD,D,16/06/20,000000,9526.2500000
GDAX.BTC-USD,D,17/06/20,000000,9457.5100000
GDAX.BTC-USD,D,18/06/20,000000,9376.1400000
GDAX.BTC-USD,D,19/06/20,000000,9301.9100000
GDAX.BTC-USD,D,20/06/20,000000,9355.7400000
GDAX.BTC-USD,D,21/06/20,000000,9286.1400000
GDAX.BTC-USD,D,22/06/20,000000,9690.7400000
GDAX.BTC-USD,D,23/06/20,000000,9623.5600000
GDAX.BTC-USD,D,24/06/20,000000,9285.9100000
GDAX.BTC-USD,D,25/06/20,000000,9243.5100000
GDAX.BTC-USD,D,26/06/20,000000,9155.4200000
GDAX.BTC-USD,D,27/06/20,000000,9002.4600000
GDAX.BTC-USD,D,28/06/20,000000,9113.2400000
GDAX.BTC-USD,D,29/06/20,000000,9184.4500000
GDAX.BTC-USD,D,30/06/20,000000,9136.2000000
GDAX.BTC-USD,D,01/07/20,000000,9239.9700000
GDAX.BTC-USD,D,02/07/20,000000,9091.5300000
GDAX.BTC-USD,D,03/07/20,000000,9063.8700000
GDAX.BTC-USD,D,04/07/20,000000,9138.5100000
GDAX.BTC-USD,D,05/07/20,000000,9074.3900000
GDAX.BTC-USD,D,06/07/20,000000,9343.3100000
GDAX.BTC-USD,D,07/07/20,000000,9253.9400000
GDAX.BTC-USD,D,08/07/20,000000,9435.2800000
GDAX.BTC-USD,D,09/07/20,000000,9236.9500000
GDAX.BTC-USD,D,10/07/20,000000,9291.0500000
GDAX.BTC-USD,D,11/07/20,000000,9235.0000000
GDAX.BTC-USD,D,12/07/20,000000,9303.3700000
GDAX.BTC-USD,D,13/07/20,000000,9236.9200000
GDAX.BTC-USD,D,14/07/20,000000,9256.9400000
GDAX.BTC-USD,D,15/07/20,000000,9190.1600000
GDAX.BTC-USD,D,16/07/20,000000,9130.1100000
GDAX.BTC-USD,D,17/07/20,000000,9154.2900000
GDAX.BTC-USD,D,18/07/20,000000,9175.8500000
GDAX.BTC-USD,D,19/07/20,000000,9212.8700000
GDAX.BTC-USD,D,20/07/20,000000,9161.0500000
GDAX.BTC-USD,D,21/07/20,000000,9394.1400000
GDAX.BTC-USD,D,22/07/20,000000,9536.1800000
GDAX.BTC-USD,D,23/07/20,000000,9613.2400000
GDAX.BTC-USD,D,24/07/20,000000,9551.2100000
GDAX.BTC-USD,D,25/07/20,000000,9711.3300000
GDAX.BTC-USD,D,26/07/20,000000,9941.0000000
GDAX.BTC-USD,D,27/07/20,000000,11048.9100000
GDAX.BTC-USD,D,28/07/20,000000,10934.2300000
GDAX.BTC-USD,D,29/07/20,000000,11110.1200000
GDAX.BTC-USD,D,30/07/20,000000,11115.9500000
GDAX.BTC-USD,D,31/07/20,000000,11351.6200000
GDAX.BTC-USD,D,01/08/20,000000,11810.0700000
GDAX.BTC-USD,D,02/08/20,000000,11068.5400000
GDAX.BTC-USD,D,03/08/20,000000,11233.1300000
GDAX.BTC-USD,D,04/08/20,000000,11197.0400000
GDAX.BTC-USD,D,05/08/20,000000,11756.7500000
GDAX.BTC-USD,D,06/08/20,000000,11773.8900000
GDAX.BTC-USD,D,07/08/20,000000,11606.5200000
GDAX.BTC-USD,D,08/08/20,000000,11774.9800000
GDAX.BTC-USD,D,09/08/20,000000,11688.4800000
GDAX.BTC-USD,D,10/08/20,000000,11899.7300000
GDAX.BTC-USD,D,11/08/20,000000,11388.5300000
GDAX.BTC-USD,D,12/08/20,000000,11566.4500000
GDAX.BTC-USD,D,13/08/20,000000,11795.9500000
GDAX.BTC-USD,D,14/08/20,000000,11779.0000000
GDAX.BTC-USD,D,15/08/20,000000,11859.2400000
GDAX.BTC-USD,D,16/08/20,000000,11918.8400000
GDAX.BTC-USD,D,17/08/20,000000,12304.2600000
GDAX.BTC-USD,D,18/08/20,000000,11950.0000000
GDAX.BTC-USD,D,19/08/20,000000,11758.8700000
GDAX.BTC-USD,D,20/08/20,000000,11864.2600000
GDAX.BTC-USD,D,21/08/20,000000,11529.2200000
GDAX.BTC-USD,D,22/08/20,000000,11672.9300000
GDAX.BTC-USD,D,23/08/20,000000,11650.0100000
GDAX.BTC-USD,D,24/08/20,000000,11753.8500000
GDAX.BTC-USD,D,25/08/20,000000,11324.9200000
GDAX.BTC-USD,D,26/08/20,000000,11463.2700000
GDAX.BTC-USD,D,27/08/20,000000,11330.0600000
GDAX.BTC-USD,D,28/08/20,000000,11535.0000000
GDAX.BTC-USD,D,29/08/20,000000,11474.3100000
GDAX.BTC-USD,D,30/08/20,000000,11716.0100000
GDAX.BTC-USD,D,31/08/20,000000,11655.0000000
GDAX.BTC-USD,D,01/09/20,000000,11924.2200000
GDAX.BTC-USD,D,02/09/20,000000,11395.4800000
GDAX.BTC-USD,D,03/09/20,000000,10172.5200000
GDAX.BTC-USD,D,04/09/20,000000,10500.0500000
GDAX.BTC-USD,D,05/09/20,000000,10168.3600000
GDAX.BTC-USD,D,06/09/20,000000,10257.8600000
GDAX.BTC-USD,D,07/09/20,000000,10375.0000000
GDAX.BTC-USD,D,08/09/20,000000,10125.6900000
GDAX.BTC-USD,D,09/09/20,000000,10224.5600000
GDAX.BTC-USD,D,10/09/20,000000,10343.2300000
GDAX.BTC-USD,D,11/09/20,000000,10394.4100000
GDAX.BTC-USD,D,12/09/20,000000,10446.5200000
GDAX.BTC-USD,D,13/09/20,000000,10336.7600000
GDAX.BTC-USD,D,14/09/20,000000,10679.9500000
GDAX.BTC-USD,D,15/09/20,000000,10783.7500000
GDAX.BTC-USD,D,16/09/20,000000,10959.6100000
GDAX.BTC-USD,D,17/09/20,000000,10943.6100000
GDAX.BTC-USD,D,18/09/20,000000,10937.5200000
GDAX.BTC-USD,D,19/09/20,000000,11080.0000000
GDAX.BTC-USD,D,20/09/20,000000,10920.8900000
GDAX.BTC-USD,D,21/09/20,000000,10416.8200000
GDAX.BTC-USD,D,22/09/20,000000,10531.1300000
GDAX.BTC-USD,D,23/09/20,000000,10235.1000000
GDAX.BTC-USD,D,24/09/20,000000,10740.0100000
GDAX.BTC-USD,D,25/09/20,000000,10690.5300000
GDAX.BTC-USD,D,26/09/20,000000,10730.0000000
GDAX.BTC-USD,D,27/09/20,000000,10778.2000000
GDAX.BTC-USD,D,28/09/20,000000,10695.5500000
GDAX.BTC-USD,D,29/09/20,000000,10840.7300000
GDAX.BTC-USD,D,30/09/20,000000,10779.6300000
GDAX.BTC-USD,D,01/10/20,000000,10617.6300000
GDAX.BTC-USD,D,02/10/20,000000,10573.1200000
GDAX.BTC-USD,D,03/10/20,000000,10551.6500000
GDAX.BTC-USD,D,04/10/20,000000,10671.1100000
GDAX.BTC-USD,D,05/10/20,000000,10795.0000000
GDAX.BTC-USD,D,06/10/20,000000,10602.6600000
GDAX.BTC-USD,D,07/10/20,000000,10670.4700000
GDAX.BTC-USD,D,08/10/20,000000,10933.0900000
GDAX.BTC-USD,D,09/10/20,000000,11057.0700000
GDAX.BTC-USD,D,10/10/20,000000,11299.5000000
GDAX.BTC-USD,D,11/10/20,000000,11374.0100000
GDAX.BTC-USD,D,12/10/20,000000,11535.4600000
GDAX.BTC-USD,D,13/10/20,000000,11428.2200000
GDAX.BTC-USD,D,14/10/20,000000,11427.7000000
GDAX.BTC-USD,D,15/10/20,000000,11509.3400000
GDAX.BTC-USD,D,16/10/20,000000,11328.9500000
GDAX.BTC-USD,D,17/10/20,000000,11367.8900000
GDAX.BTC-USD,D,18/10/20,000000,11514.2000000
GDAX.BTC-USD,D,19/10/20,000000,11760.4500000
GDAX.BTC-USD,D,20/10/20,000000,11923.8300000
GDAX.BTC-USD,D,21/10/20,000000,12808.0000000
GDAX.BTC-USD,D,22/10/20,000000,12987.0200000
GDAX.BTC-USD,D,23/10/20,000000,12937.0900000
GDAX.BTC-USD,D,24/10/20,000000,13126.2400000
GDAX.BTC-USD,D,25/10/20,000000,13045.0000000
GDAX.BTC-USD,D,26/10/20,000000,13068.7900000
GDAX.BTC-USD,D,27/10/20,000000,13698.1800000
GDAX.BTC-USD,D,28/10/20,000000,13281.0500000
GDAX.BTC-USD,D,29/10/20,000000,13460.0000000
GDAX.BTC-USD,D,30/10/20,000000,13571.5100000
GDAX.BTC-USD,D,31/10/20,000000,13804.8100000
GDAX.BTC-USD,D,01/11/20,000000,13771.5900000
GDAX.BTC-USD,D,02/11/20,000000,13563.2200000
GDAX.BTC-USD,D,03/11/20,000000,14035.8000000
GDAX.BTC-USD,D,04/11/20,000000,14161.4800000
GDAX.BTC-USD,D,05/11/20,000000,15608.2100000
GDAX.BTC-USD,D,06/11/20,000000,15599.9500000
GDAX.BTC-USD,D,07/11/20,000000,14834.0900000
GDAX.BTC-USD,D,08/11/20,000000,15482.9000000
GDAX.BTC-USD,D,09/11/20,000000,15342.2500000
GDAX.BTC-USD,D,10/11/20,000000,15315.0300000
GDAX.BTC-USD,D,11/11/20,000000,15705.7900000
GDAX.BTC-USD,D,12/11/20,000000,16310.8100000
GDAX.BTC-USD,D,13/11/20,000000,16339.5600000
GDAX.BTC-USD,D,14/11/20,000000,16082.0100000
GDAX.BTC-USD,D,15/11/20,000000,15966.8900000
GDAX.BTC-USD,D,16/11/20,000000,16726.6400000
GDAX.BTC-USD,D,17/11/20,000000,17679.3600000
GDAX.BTC-USD,D,18/11/20,000000,17782.9100000
GDAX.BTC-USD,D,19/11/20,000000,17821.5800000
GDAX.BTC-USD,D,20/11/20,000000,18675.2500000
GDAX.BTC-USD,D,21/11/20,000000,18721.2100000
GDAX.BTC-USD,D,22/11/20,000000,18437.6600000
GDAX.BTC-USD,D,23/11/20,000000,18384.8200000
GDAX.BTC-USD,D,24/11/20,000000,19172.8400000
GDAX.BTC-USD,D,25/11/20,000000,18721.9300000
GDAX.BTC-USD,D,26/11/20,000000,17170.0000000
GDAX.BTC-USD,D,27/11/20,000000,17153.9500000
GDAX.BTC-USD,D,28/11/20,000000,17739.8500000
GDAX.BTC-USD,D,29/11/20,000000,18202.0400000
GDAX.BTC-USD,D,30/11/20,000000,19713.9400000
GDAX.BTC-USD,D,01/12/20,000000,18782.9700000
GDAX.BTC-USD,D,02/12/20,000000,19225.6300000
GDAX.BTC-USD,D,03/12/20,000000,19448.6400000
GDAX.BTC-USD,D,04/12/20,000000,18658.1000000
GDAX.BTC-USD,D,05/12/20,000000,19158.9600000
GDAX.BTC-USD,D,06/12/20,000000,19375.6000000
GDAX.BTC-USD,D,07/12/20,000000,19177.7100000
GDAX.BTC-USD,D,08/12/20,000000,18316.2200000
GDAX.BTC-USD,D,09/12/20,000000,18546.5500000
GDAX.BTC-USD,D,10/12/20,000000,18253.4400000
GDAX.BTC-USD,D,11/12/20,000000,18042.1500000
GDAX.BTC-USD,D,12/12/20,000000,18821.2800000
GDAX.BTC-USD,D,13/12/20,000000,19166.6500000
GDAX.BTC-USD,D,14/12/20,000000,19272.3700000
GDAX.BTC-USD,D,15/12/20,000000,19444.6000000
GDAX.BTC-USD,D,16/12/20,000000,21359.6500000
GDAX.BTC-USD,D,17/12/20,000000,22826.4800000
GDAX.BTC-USD,D,18/12/20,000000,23137.7600000
GDAX.BTC-USD,D,19/12/20,000000,23849.9900000
GDAX.BTC-USD,D,20/12/20,000000,23476.5100000
GDAX.BTC-USD,D,21/12/20,000000,22729.4000000
GDAX.BTC-USD,D,22/12/20,000000,23823.2700000
GDAX.BTC-USD,D,23/12/20,000000,23228.3500000
GDAX.BTC-USD,D,24/12/20,000000,23717.9600000
GDAX.BTC-USD,D,25/12/20,000000,24704.7100000
GDAX.BTC-USD,D,26/12/20,000000,26475.3500000
GDAX.BTC-USD,D,27/12/20,000000,26258.6500000
GDAX.BTC-USD,D,28/12/20,000000,27040.3600000
GDAX.BTC-USD,D,29/12/20,000000,27366.3500000
GDAX.BTC-USD,D,30/12/20,000000,28897.4200000
GDAX.BTC-USD,D,31/12/20,000000,28990.0800000
GDAX.BTC-USD,D,01/01/21,000000,29412.8400000
GDAX.BTC-USD,D,02/01/21,000000,32225.9100000
GDAX.BTC-USD,D,03/01/21,000000,33080.6600000
GDAX.BTC-USD,D,04/01/21,000000,32019.9900000
GDAX.BTC-USD,D,05/01/21,000000,34030.6400000
GDAX.BTC-USD,D,06/01/21,000000,36859.2600000
GDAX.BTC-USD,D,07/01/21,000000,39505.5600000
GDAX.BTC-USD,D,08/01/21,000000,40665.1500000
GDAX.BTC-USD,D,09/01/21,000000,40257.4300000
GDAX.BTC-USD,D,10/01/21,000000,38171.5700000
GDAX.BTC-USD,D,11/01/21,000000,35452.5900000
GDAX.BTC-USD,D,12/01/21,000000,34038.9800000
GDAX.BTC-USD,D,13/01/21,000000,37393.6600000
GDAX.BTC-USD,D,14/01/21,000000,39125.1400000
GDAX.BTC-USD,D,15/01/21,000000,36754.6700000
GDAX.BTC-USD,D,16/01/21,000000,36006.9400000
GDAX.BTC-USD,D,17/01/21,000000,35820.0000000
GDAX.BTC-USD,D,18/01/21,000000,36624.2300000
GDAX.BTC-USD,D,19/01/21,000000,35917.2800000
GDAX.BTC-USD,D,20/01/21,000000,35503.0900000
GDAX.BTC-USD,D,21/01/21,000000,30855.9500000
GDAX.BTC-USD,D,22/01/21,000000,32984.9300000
GDAX.BTC-USD,D,23/01/21,000000,32112.0100000
GDAX.BTC-USD,D,24/01/21,000000,32288.5600000
GDAX.BTC-USD,D,25/01/21,000000,32261.8700000
GDAX.BTC-USD,D,26/01/21,000000,32510.8200000
GDAX.BTC-USD,D,27/01/21,000000,30407.1300000
GDAX.BTC-USD,D,28/01/21,000000,33488.9900000
GDAX.BTC-USD,D,29/01/21,000000,34262.1100000
GDAX.BTC-USD,D,30/01/21,000000,34315.6300000
GDAX.BTC-USD,D,31/01/21,000000,33137.7400000
GDAX.BTC-USD,D,01/02/21,000000,33533.1900000
GDAX.BTC-USD,D,02/02/21,000000,35512.6700000
GDAX.BTC-USD,D,03/02/21,000000,37678.3700000
GDAX.BTC-USD,D,04/02/21,000000,36975.0000000
GDAX.BTC-USD,D,05/02/21,000000,38311.4900000
GDAX.BTC-USD,D,06/02/21,000000,39265.4300000
GDAX.BTC-USD,D,07/02/21,000000,38871.4200000
GDAX.BTC-USD,D,08/02/21,000000,46448.1000000
GDAX.BTC-USD,D,09/02/21,000000,46514.7300000
GDAX.BTC-USD,D,10/02/21,000000,44850.0000000
GDAX.BTC-USD,D,11/02/21,000000,47997.9100000
GDAX.BTC-USD,D,12/02/21,000000,47408.3400000
GDAX.BTC-USD,D,13/02/21,000000,47232.4500000
GDAX.BTC-USD,D,14/02/21,000000,48680.6900000
GDAX.BTC-USD,D,15/02/21,000000,47936.3700000
GDAX.BTC-USD,D,16/02/21,000000,49158.7100000
GDAX.BTC-USD,D,17/02/21,000000,52170.0100000
GDAX.BTC-USD,D,18/02/21,000000,51601.7300000
GDAX.BTC-USD,D,19/02/21,000000,55983.5600000
GDAX.BTC-USD,D,20/02/21,000000,55923.5200000
GDAX.BTC-USD,D,21/02/21,000000,57489.1600000
GDAX.BTC-USD,D,22/02/21,000000,54142.1300000
GDAX.BTC-USD,D,23/02/21,000000,48899.9900000
GDAX.BTC-USD,D,24/02/21,000000,49737.8200000
GDAX.BTC-USD,D,25/02/21,000000,47058.4800000
GDAX.BTC-USD,D,26/02/21,000000,46326.2000000
GDAX.BTC-USD,D,27/02/21,000000,46180.7500000
GDAX.BTC-USD,D,28/02/21,000000,45231.7500000
GDAX.BTC-USD,D,01/03/21,000000,49639.4000000
GDAX.BTC-USD,D,02/03/21,000000,48511.6000000
GDAX.BTC-USD,D,03/03/21,000000,50360.0000000
GDAX.BTC-USD,D,04/03/21,000000,48368.5200000
GDAX.BTC-USD,D,05/03/21,000000,48769.4700000
GDAX.BTC-USD,D,06/03/21,000000,48909.8400000
GDAX.BTC-USD,D,07/03/21,000000,50978.6100000
GDAX.BTC-USD,D,08/03/21,000000,52415.2300000
GDAX.BTC-USD,D,09/03/21,000000,54916.3800000
GDAX.BTC-USD,D,10/03/21,000000,55890.6900000
GDAX.BTC-USD,D,11/03/21,000000,57815.4700000
GDAX.BTC-USD,D,12/03/21,000000,57225.9100000
GDAX.BTC-USD,D,13/03/21,000000,61178.5000000
GDAX.BTC-USD,D,14/03/21,000000,58972.7000000
GDAX.BTC-USD,D,15/03/21,000000,55636.1500000
GDAX.BTC-USD,D,16/03/21,000000,56927.1100000
GDAX.BTC-USD,D,17/03/21,000000,58925.5400000
GDAX.BTC-USD,D,18/03/21,000000,57644.9500000
GDAX.BTC-USD,D,19/03/21,000000,58039.6600000
GDAX.BTC-USD,D,20/03/21,000000,58116.7000000
GDAX.BTC-USD,D,21/03/21,000000,57363.3200000
GDAX.BTC-USD,D,22/03/21,000000,54110.0700000
GDAX.BTC-USD,D,23/03/21,000000,54345.5400000
GDAX.BTC-USD,D,24/03/21,000000,52276.1600000
GDAX.BTC-USD,D,25/03/21,000000,51325.0100000
GDAX.BTC-USD,D,26/03/21,000000,55072.4400000
GDAX.BTC-USD,D,27/03/21,000000,55856.5300000
GDAX.BTC-USD,D,28/03/21,000000,55778.8200000
GDAX.BTC-USD,D,29/03/21,000000,57613.4800000
GDAX.BTC-USD,D,30/03/21,000000,58786.4600000
GDAX.BTC-USD,D,31/03/21,000000,58800.0000000
GDAX.BTC-USD,D,01/04/21,000000,58726.4800000
GDAX.BTC-USD,D,02/04/21,000000,58981.0400000
GDAX.BTC-USD,D,03/04/21,000000,57094.3400000
GDAX.BTC-USD,D,04/04/21,000000,58215.9400000
GDAX.BTC-USD,D,05/04/21,000000,59123.0200000
GDAX.BTC-USD,D,06/04/21,000000,58019.9800000
GDAX.BTC-USD,D,07/04/21,000000,55955.7500000
GDAX.BTC-USD,D,08/04/21,000000,58083.1000000
GDAX.BTC-USD,D,09/04/21,000000,58092.6800000
GDAX.BTC-USD,D,10/04/21,000000,59778.6000000
GDAX.BTC-USD,D,11/04/21,000000,59985.2600000
GDAX.BTC-USD,D,12/04/21,000000,59839.8200000
GDAX.BTC-USD,D,13/04/21,000000,63588.2200000
GDAX.BTC-USD,D,14/04/21,000000,62971.8000000
GDAX.BTC-USD,D,15/04/21,000000,63229.0400000
GDAX.BTC-USD,D,16/04/21,000000,61427.2700000
GDAX.BTC-USD,D,17/04/21,000000,60058.8600000
GDAX.BTC-USD,D,18/04/21,000000,56274.4100000
GDAX.BTC-USD,D,19/04/21,000000,55696.8300000
GDAX.BTC-USD,D,20/04/21,000000,56499.2900000
GDAX.BTC-USD,D,21/04/21,000000,53800.8600000
GDAX.BTC-USD,D,22/04/21,000000,51701.5900000
GDAX.BTC-USD,D,23/04/21,000000,51187.2700000
GDAX.BTC-USD,D,24/04/21,000000,50089.1500000
GDAX.BTC-USD,D,25/04/21,000000,49121.0000000
GDAX.BTC-USD,D,26/04/21,000000,54053.6000000
GDAX.BTC-USD,D,27/04/21,000000,55069.6200000
GDAX.BTC-USD,D,28/04/21,000000,54894.0300000
GDAX.BTC-USD,D,29/04/21,000000,53580.0000000
GDAX.BTC-USD,D,30/04/21,000000,57798.7700000
GDAX.BTC-USD,D,01/05/21,000000,57859.2800000
GDAX.BTC-USD,D,02/05/21,000000,56625.2000000
GDAX.BTC-USD,D,03/05/21,000000,57212.7300000
GDAX.BTC-USD,D,04/05/21,000000,53241.9200000
GDAX.BTC-USD,D,05/05/21,000000,57515.6900000
GDAX.BTC-USD,D,06/05/21,000000,56440.6600000
GDAX.BTC-USD,D,07/05/21,000000,57380.3900000
GDAX.BTC-USD,D,08/05/21,000000,58958.0500000
GDAX.BTC-USD,D,09/05/21,000000,58312.5700000
GDAX.BTC-USD,D,10/05/21,000000,55866.4100000
GDAX.BTC-USD,D,11/05/21,000000,56753.1900000
GDAX.BTC-USD,D,12/05/21,000000,49498.7700000
GDAX.BTC-USD,D,13/05/21,000000,49690.1100000
GDAX.BTC-USD,D,14/05/21,000000,49893.4800000
GDAX.BTC-USD,D,15/05/21,000000,46775.5100000
GDAX.BTC-USD,D,16/05/21,000000,46450.7900000
GDAX.BTC-USD,D,17/05/21,000000,43580.5000000
GDAX.BTC-USD,D,18/05/21,000000,42857.1500000
GDAX.BTC-USD,D,19/05/21,000000,36731.7500000
GDAX.BTC-USD,D,20/05/21,000000,40623.3300000
GDAX.BTC-USD,D,21/05/21,000000,37340.7700000
GDAX.BTC-USD,D,22/05/21,000000,37476.8300000
GDAX.BTC-USD,D,23/05/21,000000,34758.6700000
GDAX.BTC-USD,D,24/05/21,000000,38878.5600000
GDAX.BTC-USD,D,25/05/21,000000,38361.8100000
GDAX.BTC-USD,D,26/05/21,000000,39293.2300000
GDAX.BTC-USD,D,27/05/21,000000,38556.8800000
GDAX.BTC-USD,D,28/05/21,000000,35680.4700000
GDAX.BTC-USD,D,29/05/21,000000,34627.8200000
GDAX.BTC-USD,D,30/05/21,000000,35669.4400000
GDAX.BTC-USD,D,31/05/21,000000,37279.3100000
GDAX.BTC-USD,D,01/06/21,000000,36685.0000000
GDAX.BTC-USD,D,02/06/21,000000,37577.9100000
GDAX.BTC-USD,D,03/06/21,000000,39248.5500000
GDAX.BTC-USD,D,04/06/21,000000,36856.5200000
GDAX.BTC-USD,D,05/06/21,000000,35539.4900000
GDAX.BTC-USD,D,06/06/21,000000,35800.4800000
GDAX.BTC-USD,D,07/06/21,000000,33575.9100000
GDAX.BTC-USD,D,08/06/21,000000,33402.1300000
GDAX.BTC-USD,D,09/06/21,000000,37403.8600000
GDAX.BTC-USD,D,10/06/21,000000,36694.0500000
GDAX.BTC-USD,D,11/06/21,000000,37338.4400000
GDAX.BTC-USD,D,12/06/21,000000,35557.3300000
GDAX.BTC-USD,D,13/06/21,000000,39015.2400000
GDAX.BTC-USD,D,14/06/21,000000,40539.4700000
GDAX.BTC-USD,D,15/06/21,000000,40162.3700000
GDAX.BTC-USD,D,16/06/21,000000,38351.0000000
GDAX.BTC-USD,D,17/06/21,000000,38095.1700000
GDAX.BTC-USD,D,18/06/21,000000,35841.8100000
GDAX.BTC-USD,D,19/06/21,000000,35484.7900000
GDAX.BTC-USD,D,20/06/21,000000,35585.7800000
GDAX.BTC-USD,D,21/06/21,000000,31609.8200000
GDAX.BTC-USD,D,22/06/21,000000,32538.3700000
GDAX.BTC-USD,D,23/06/21,000000,33688.3500000
GDAX.BTC-USD,D,24/06/21,000000,34654.5800000
GDAX.BTC-USD,D,25/06/21,000000,31594.6300000
GDAX.BTC-USD,D,26/06/21,000000,32275.1900000
GDAX.BTC-USD,D,27/06/21,000000,34709.2300000
GDAX.BTC-USD,D,28/06/21,000000,34493.2200000
GDAX.BTC-USD,D,29/06/21,000000,35904.2800000
GDAX.BTC-USD,D,30/06/21,000000,35060.0000000
GDAX.BTC-USD,D,01/07/21,000000,33516.1100000
GDAX.BTC-USD,D,02/07/21,000000,33805.0200000
GDAX.BTC-USD,D,03/07/21,000000,34682.1600000
GDAX.BTC-USD,D,04/07/21,000000,35284.0500000
GDAX.BTC-USD,D,05/07/21,000000,33697.7800000
GDAX.BTC-USD,D,06/07/21,000000,34225.7300000
GDAX.BTC-USD,D,07/07/21,000000,33878.5600000
GDAX.BTC-USD,D,08/07/21,000000,32875.9500000
GDAX.BTC-USD,D,09/07/21,000000,33824.2600000
GDAX.BTC-USD,D,10/07/21,000000,33515.3500000
GDAX.BTC-USD,D,11/07/21,000000,34259.2300000
GDAX.BTC-USD,D,12/07/21,000000,33091.1000000
GDAX.BTC-USD,D,13/07/21,000000,32734.1400000
GDAX.BTC-USD,D,14/07/21,000000,32816.3900000
GDAX.BTC-USD,D,15/07/21,000000,31868.6800000
GDAX.BTC-USD,D,16/07/21,000000,31388.0600000
GDAX.BTC-USD,D,17/07/21,000000,31533.9100000
GDAX.BTC-USD,D,18/07/21,000000,31788.2500000
GDAX.BTC-USD,D,19/07/21,000000,30842.0300000
GDAX.BTC-USD,D,20/07/21,000000,29796.1600000
GDAX.BTC-USD,D,21/07/21,000000,32135.1900000
GDAX.BTC-USD,D,22/07/21,000000,32287.7400000
GDAX.BTC-USD,D,23/07/21,000000,33647.2600000
GDAX.BTC-USD,D,24/07/21,000000,34283.0100000
GDAX.BTC-USD,D,25/07/21,000000,35428.2600000
GDAX.BTC-USD,D,26/07/21,000000,37262.7700000
GDAX.BTC-USD,D,27/07/21,000000,39470.4800000
GDAX.BTC-USD,D,28/07/21,000000,40035.1000000
GDAX.BTC-USD,D,29/07/21,000000,40039.4400000
GDAX.BTC-USD,D,30/07/21,000000,42237.9500000
GDAX.BTC-USD,D,31/07/21,000000,41495.0100000
GDAX.BTC-USD,D,01/08/21,000000,39865.4100000
GDAX.BTC-USD,D,02/08/21,000000,39149.5900000
GDAX.BTC-USD,D,03/08/21,000000,38191.4400000
GDAX.BTC-USD,D,04/08/21,000000,39722.4100000
GDAX.BTC-USD,D,05/08/21,000000,40888.7400000
GDAX.BTC-USD,D,06/08/21,000000,42869.5800000
GDAX.BTC-USD,D,07/08/21,000000,44637.3400000
GDAX.BTC-USD,D,08/08/21,000000,43829.1400000
GDAX.BTC-USD,D,09/08/21,000000,46285.4800000
GDAX.BTC-USD,D,10/08/21,000000,45595.6600000
GDAX.BTC-USD,D,11/08/21,000000,45553.4900000
GDAX.BTC-USD,D,12/08/21,000000,44422.1400000
GDAX.BTC-USD,D,13/08/21,000000,47833.6400000
GDAX.BTC-USD,D,14/08/21,000000,47109.6500000
GDAX.BTC-USD,D,15/08/21,000000,47014.4900000
GDAX.BTC-USD,D,16/08/21,000000,45902.4600000
GDAX.BTC-USD,D,17/08/21,000000,44671.5800000
GDAX.BTC-USD,D,18/08/21,000000,44707.9800000
GDAX.BTC-USD,D,19/08/21,000000,46765.8700000
GDAX.BTC-USD,D,20/08/21,000000,49342.4000000
GDAX.BTC-USD,D,21/08/21,000000,48867.0200000
GDAX.BTC-USD,D,22/08/21,000000,49284.6300000
GDAX.BTC-USD,D,23/08/21,000000,49506.5000000
GDAX.BTC-USD,D,24/08/21,000000,47682.4500000
GDAX.BTC-USD,D,25/08/21,000000,48987.3300000
GDAX.BTC-USD,D,26/08/21,000000,46851.4700000
GDAX.BTC-USD,D,27/08/21,000000,49077.5700000
GDAX.BTC-USD,D,28/08/21,000000,48942.9400000
GDAX.BTC-USD,D,29/08/21,000000,48802.5800000
GDAX.BTC-USD,D,30/08/21,000000,46993.7100000
GDAX.BTC-USD,D,31/08/21,000000,47112.5000000
GDAX.BTC-USD,D,01/09/21,000000,48839.8600000
GDAX.BTC-USD,D,02/09/21,000000,49279.3700000
GDAX.BTC-USD,D,03/09/21,000000,50025.0000000
GDAX.BTC-USD,D,04/09/21,000000,49942.9800000
GDAX.BTC-USD,D,05/09/21,000000,51789.1700000
GDAX.BTC-USD,D,06/09/21,000000,52698.8100000
GDAX.BTC-USD,D,07/09/21,000000,46894.5000000
GDAX.BTC-USD,D,08/09/21,000000,46060.3600000
GDAX.BTC-USD,D,09/09/21,000000,46400.0000000
GDAX.BTC-USD,D,10/09/21,000000,44851.4500000
GDAX.BTC-USD,D,11/09/21,000000,45171.8300000
GDAX.BTC-USD,D,12/09/21,000000,46024.2300000
GDAX.BTC-USD,D,13/09/21,000000,44947.7200000
GDAX.BTC-USD,D,14/09/21,000000,47127.2200000
GDAX.BTC-USD,D,15/09/21,000000,48148.1200000
GDAX.BTC-USD,D,16/09/21,000000,47753.1600000
GDAX.BTC-USD,D,17/09/21,000000,47303.5000000
GDAX.BTC-USD,D,18/09/21,000000,48314.5600000
GDAX.BTC-USD,D,19/09/21,000000,47255.9200000
GDAX.BTC-USD,D,20/09/21,000000,43012.9700000
GDAX.BTC-USD,D,21/09/21,000000,40719.6000000
GDAX.BTC-USD,D,22/09/21,000000,43575.1000000
GDAX.BTC-USD,D,23/09/21,000000,44897.5900000
GDAX.BTC-USD,D,24/09/21,000000,42848.9200000
GDAX.BTC-USD,D,25/09/21,000000,42705.5100000
GDAX.BTC-USD,D,26/09/21,000000,43178.0200000
GDAX.BTC-USD,D,27/09/21,000000,42171.7600000
GDAX.BTC-USD,D,28/09/21,000000,41026.0700000
GDAX.BTC-USD,D,29/09/21,000000,41522.1600000
GDAX.BTC-USD,D,30/09/21,000000,43824.4300000
GDAX.BTC-USD,D,01/10/21,000000,48165.7600000
GDAX.BTC-USD,D,02/10/21,000000,47657.6900000
GDAX.BTC-USD,D,03/10/21,000000,48233.9900000
GDAX.BTC-USD,D,04/10/21,000000,49245.5400000
GDAX.BTC-USD,D,05/10/21,000000,51493.9900000
GDAX.BTC-USD,D,06/10/21,000000,55339.4800000
GDAX.BTC-USD,D,07/10/21,000000,53797.8200000
GDAX.BTC-USD,D,08/10/21,000000,53963.8200000
GDAX.BTC-USD,D,09/10/21,000000,54962.2900000
GDAX.BTC-USD,D,10/10/21,000000,54690.5300000
GDAX.BTC-USD,D,11/10/21,000000,57487.4400000
GDAX.BTC-USD,D,12/10/21,000000,56005.1000000
GDAX.BTC-USD,D,13/10/21,000000,57367.3200000
GDAX.BTC-USD,D,14/10/21,000000,57359.5100000
GDAX.BTC-USD,D,15/10/21,000000,61695.3900000
GDAX.BTC-USD,D,16/10/21,000000,60877.4200000
GDAX.BTC-USD,D,17/10/21,000000,61527.1100000
GDAX.BTC-USD,D,18/10/21,000000,62042.4100000
GDAX.BTC-USD,D,19/10/21,000000,64303.1400000
GDAX.BTC-USD,D,20/10/21,000000,66026.5400000
GDAX.BTC-USD,D,21/10/21,000000,62204.0200000
GDAX.BTC-USD,D,22/10/21,000000,60687.6400000
GDAX.BTC-USD,D,23/10/21,000000,61300.0100000
GDAX.BTC-USD,D,24/10/21,000000,60854.4800000
GDAX.BTC-USD,D,25/10/21,000000,63083.5400000
GDAX.BTC-USD,D,26/10/21,000000,60337.6200000
GDAX.BTC-USD,D,27/10/21,000000,58455.4700000
GDAX.BTC-USD,D,28/10/21,000000,60591.6500000
GDAX.BTC-USD,D,29/10/21,000000,62276.7200000
GDAX.BTC-USD,D,30/10/21,000000,61892.4100000
GDAX.BTC-USD,D,31/10/21,000000,61343.6800000
GDAX.BTC-USD,D,01/11/21,000000,60949.5400000
GDAX.BTC-USD,D,02/11/21,000000,63266.5100000
GDAX.BTC-USD,D,03/11/21,000000,62935.4100000
GDAX.BTC-USD,D,04/11/21,000000,61444.5000000
GDAX.BTC-USD,D,05/11/21,000000,61006.1500000
GDAX.BTC-USD,D,06/11/21,000000,61539.3100000
GDAX.BTC-USD,D,07/11/21,000000,63309.1300000
GDAX.BTC-USD,D,08/11/21,000000,67554.8400000
GDAX.BTC-USD,D,09/11/21,000000,66944.6600000
GDAX.BTC-USD,D,10/11/21,000000,64912.2000000
GDAX.BTC-USD,D,11/11/21,000000,64807.5900000
GDAX.BTC-USD,D,12/11/21,000000,64147.9000000
GDAX.BTC-USD,D,13/11/21,000000,64400.0100000
GDAX.BTC-USD,D,14/11/21,000000,65505.0200000
GDAX.BTC-USD,D,15/11/21,000000,63624.5900000
GDAX.BTC-USD,D,16/11/21,000000,60107.9800000
GDAX.BTC-USD,D,17/11/21,000000,60351.5100000
GDAX.BTC-USD,D,18/11/21,000000,56898.0000000
GDAX.BTC-USD,D,19/11/21,000000,58122.1600000
GDAX.BTC-USD,D,20/11/21,000000,59760.7600000
GDAX.BTC-USD,D,21/11/21,000000,58671.2100000
GDAX.BTC-USD,D,22/11/21,000000,56280.8100000
GDAX.BTC-USD,D,23/11/21,000000,57566.8500000
GDAX.BTC-USD,D,24/11/21,000000,57162.6600000
GDAX.BTC-USD,D,25/11/21,000000,58987.2700000
GDAX.BTC-USD,D,26/11/21,000000,53757.6700000
GDAX.BTC-USD,D,27/11/21,000000,54759.0500000
GDAX.BTC-USD,D,28/11/21,000000,57317.1700000
GDAX.BTC-USD,D,29/11/21,000000,57838.0600000
GDAX.BTC-USD,D,30/11/21,000000,56987.9700000
GDAX.BTC-USD,D,01/12/21,000000,57226.5000000
GDAX.BTC-USD,D,02/12/21,000000,56521.4600000
GDAX.BTC-USD,D,03/12/21,000000,53638.0400000
GDAX.BTC-USD,D,04/12/21,000000,49241.1200000
GDAX.BTC-USD,D,05/12/21,000000,49484.2200000
GDAX.BTC-USD,D,06/12/21,000000,50529.5600000
GDAX.BTC-USD,D,07/12/21,000000,50625.4800000
GDAX.BTC-USD,D,08/12/21,000000,50519.6800000
GDAX.BTC-USD,D,09/12/21,000000,47568.4300000
GDAX.BTC-USD,D,10/12/21,000000,47170.9400000
GDAX.BTC-USD,D,11/12/21,000000,49407.7500000
GDAX.BTC-USD,D,12/12/21,000000,50089.6400000
GDAX.BTC-USD,D,13/12/21,000000,46727.8900000
GDAX.BTC-USD,D,14/12/21,000000,48367.4300000
GDAX.BTC-USD,D,15/12/21,000000,48884.7800000
GDAX.BTC-USD,D,16/12/21,000000,47634.2200000
GDAX.BTC-USD,D,17/12/21,000000,46166.5000000
GDAX.BTC-USD,D,18/12/21,000000,46859.4600000
GDAX.BTC-USD,D,19/12/21,000000,46687.1900000
GDAX.BTC-USD,D,20/12/21,000000,46926.0700000
GDAX.BTC-USD,D,21/12/21,000000,48914.7000000
GDAX.BTC-USD,D,22/12/21,000000,48608.6200000
GDAX.BTC-USD,D,23/12/21,000000,50842.2000000
GDAX.BTC-USD,D,24/12/21,000000,50851.3800000
GDAX.BTC-USD,D,25/12/21,000000,50428.3100000
GDAX.BTC-USD,D,26/12/21,000000,50801.7900000
GDAX.BTC-USD,D,27/12/21,000000,50717.7700000
GDAX.BTC-USD,D,28/12/21,000000,47543.0900000
GDAX.BTC-USD,D,29/12/21,000000,46471.2400000
GDAX.BTC-USD,D,30/12/21,000000,47122.0800000
GDAX.BTC-USD,D,31/12/21,000000,46211.2400000
GDAX.BTC-USD,D,01/01/22,000000,47733.4300000
GDAX.BTC-USD,D,02/01/22,000000,47299.0700000
GDAX.BTC-USD,D,03/01/22,000000,46459.5600000
GDAX.BTC-USD,D,04/01/22,000000,45814.6100000
GDAX.BTC-USD,D,05/01/22,000000,43436.0400000
GDAX.BTC-USD,D,06/01/22,000000,43083.7600000
GDAX.BTC-USD,D,07/01/22,000000,41565.1800000
GDAX.BTC-USD,D,08/01/22,000000,41684.8400000
GDAX.BTC-USD,D,09/01/22,000000,41876.5200000
GDAX.BTC-USD,D,10/01/22,000000,41824.0700000
GDAX.BTC-USD,D,11/01/22,000000,42753.4400000
GDAX.BTC-USD,D,12/01/22,000000,43920.3700000
GDAX.BTC-USD,D,13/01/22,000000,42581.6500000
GDAX.BTC-USD,D,14/01/22,000000,43090.7200000
GDAX.BTC-USD,D,15/01/22,000000,43098.2000000
GDAX.BTC-USD,D,16/01/22,000000,43104.3400000
GDAX.BTC-USD,D,17/01/22,000000,42218.0100000
GDAX.BTC-USD,D,18/01/22,000000,42369.7400000
GDAX.BTC-USD,D,19/01/22,000000,41674.2700000
GDAX.BTC-USD,D,20/01/22,000000,40670.9700000
GDAX.BTC-USD,D,21/01/22,000000,36456.9400000
GDAX.BTC-USD,D,22/01/22,000000,35066.4300000
GDAX.BTC-USD,D,23/01/22,000000,36282.4700000
GDAX.BTC-USD,D,24/01/22,000000,36693.3200000
GDAX.BTC-USD,D,25/01/22,000000,36980.0000000
GDAX.BTC-USD,D,26/01/22,000000,36840.6300000
GDAX.BTC-USD,D,27/01/22,000000,37188.3700000
GDAX.BTC-USD,D,28/01/22,000000,37741.9000000
GDAX.BTC-USD,D,29/01/22,000000,38191.1000000
GDAX.BTC-USD,D,30/01/22,000000,37901.3500000
GDAX.BTC-USD,D,31/01/22,000000,38491.9300000
GDAX.BTC-USD,D,01/02/22,000000,38716.8800000
GDAX.BTC-USD,D,02/02/22,000000,36923.3900000
GDAX.BTC-USD,D,03/02/22,000000,37329.9100000
GDAX.BTC-USD,D,04/02/22,000000,41614.6400000
GDAX.BTC-USD,D,05/02/22,000000,41404.8500000
GDAX.BTC-USD,D,06/02/22,000000,42415.1600000
GDAX.BTC-USD,D,07/02/22,000000,43868.0700000
GDAX.BTC-USD,D,08/02/22,000000,44085.5900000
GDAX.BTC-USD,D,09/02/22,000000,44416.3500000
GDAX.BTC-USD,D,10/02/22,000000,43527.7100000
GDAX.BTC-USD,D,11/02/22,000000,42386.4700000
GDAX.BTC-USD,D,12/02/22,000000,42244.9700000
GDAX.BTC-USD,D,13/02/22,000000,42074.9900000
GDAX.BTC-USD,D,14/02/22,000000,42548.7100000
GDAX.BTC-USD,D,15/02/22,000000,44583.5200000
GDAX.BTC-USD,D,16/02/22,000000,43895.5600000
GDAX.BTC-USD,D,17/02/22,000000,40536.7300000
GDAX.BTC-USD,D,18/02/22,000000,39983.5600000
GDAX.BTC-USD,D,19/02/22,000000,40101.9400000
GDAX.BTC-USD,D,20/02/22,000000,38389.0300000
GDAX.BTC-USD,D,21/02/22,000000,37023.0000000
GDAX.BTC-USD,D,22/02/22,000000,38251.4800000
GDAX.BTC-USD,D,23/02/22,000000,37268.1900000
GDAX.BTC-USD,D,24/02/22,000000,38347.3000000
GDAX.BTC-USD,D,25/02/22,000000,39238.4800000
GDAX.BTC-USD,D,26/02/22,000000,39137.8000000
GDAX.BTC-USD,D,27/02/22,000000,37717.0800000
GDAX.BTC-USD,D,28/02/22,000000,43192.6600000
GDAX.BTC-USD,D,01/03/22,000000,44439.9500000
GDAX.BTC-USD,D,02/03/22,000000,43912.3400000
GDAX.BTC-USD,D,03/03/22,000000,42464.4100000
GDAX.BTC-USD,D,04/03/22,000000,39166.5100000
GDAX.BTC-USD,D,05/03/22,000000,39402.4300000
GDAX.BTC-USD,D,06/03/22,000000,38408.3800000
GDAX.BTC-USD,D,07/03/22,000000,37994.0000000
GDAX.BTC-USD,D,08/03/22,000000,38749.3800000
GDAX.BTC-USD,D,09/03/22,000000,41953.9700000
GDAX.BTC-USD,D,10/03/22,000000,39433.7100000
GDAX.BTC-USD,D,11/03/22,000000,38732.0400000
GDAX.BTC-USD,D,12/03/22,000000,38813.0200000
GDAX.BTC-USD,D,13/03/22,000000,37793.0100000
GDAX.BTC-USD,D,14/03/22,000000,39674.1700000
GDAX.BTC-USD,D,15/03/22,000000,39298.1000000
GDAX.BTC-USD,D,16/03/22,000000,41127.9700000
GDAX.BTC-USD,D,17/03/22,000000,40744.8800000
